Company_Name,0,1
삼성전자,2.275486961622617,1.8336106052091103
SK하이닉스,5.929428111136248,2.663336723216133
LG에너지솔루션,-1.339209358989866,1.5210674727676705
삼성바이오로직스,-0.19147996482751228,-0.12138417003793635
삼성전자우,1.81464192104609,1.6178717236598585
현대차,-0.8276735265103894,1.2805166508392791
두산에너빌리티,13.046089929481557,0.22596315081097124
HD현대중공업,4.207597694634882,0.5128580383277783
KB금융,1.833695539629101,0.5595444712837944
한화에어로스페이스,9.6578369723698,-2.3808634121554046
기아,-0.9802096589094726,0.8454926470479078
셀트리온,-2.1129670809698076,0.6422530952350267
SK스퀘어,7.99919652513194,2.278312575280305
삼성물산,3.5160236589121627,1.077320971633887
NAVER,0.4952880471049568,0.5286950659983292
신한지주,2.4236209219044182,0.8545312786037984
한화오션,10.50326818499257,-1.2393799462889759
한국전력,5.875381243509755,0.5273428480999458
삼성생명,2.551699049838499,1.6831854173658967
HD한국조선해양,4.074475431833489,1.1283775126667501
HD현대일렉트릭,1.5386600158461432,3.2782238816357783
현대모비스,0.2957743986005612,0.2256290300372289
LG화학,-0.004885379432840731,2.218877326666784
카카오,3.1608434945996855,0.49207436729608967
하나금융지주,3.366505821967798,0.2498718099454897
POSCO홀딩스,0.16811952328735202,0.11580194400744177
삼성SDI,-3.3623771148754678,2.8340344590393367
고려아연,-2.7381466288132943,2.3144543464729606
삼성화재,1.3683399531897567,0.10835013955398039
삼성중공업,4.999587443779433,0.8097785834995553
현대로템,13.879386047171746,-1.7922611932455865
SK이노베이션,-1.992063618444844,0.7723024879289435
우리금융지주,4.117175711614164,0.37050395934467617
삼성전기,1.9107777053747288,2.039569356465803
메리츠금융지주,-0.43464237083720825,-0.5525774393688444
효성중공업,10.986634865087577,3.1128511822083413
SK,3.9479820426332584,1.1397133003465252
포스코퓨처엠,-0.8149891383676804,2.087696652785291
HMM,0.9889840795549816,-1.0652432912068874
KT&G,1.1564593906545118,0.3031685317993314
기업은행,2.1406240842854922,0.15224285906622753
HD현대,4.492553246698854,2.6599623457364583
두산,8.335084886298741,1.126457916034911
LS ELECTRIC,5.119587560790967,1.0582303850542571
LG전자,-2.7022109275280606,1.1332733564946067
삼성에스디에스,0.9262572542592626,0.5748412160740644
미래에셋증권,9.202992423780547,0.2648499248506145
KT,0.5483610925218323,-0.7562529283628133
하이브,2.660537311176485,-0.6759055630243539
LG,-0.7088973983698283,0.4933464234929694
현대글로비스,-0.12335364728322484,1.5623914161380967
크래프톤,-1.7383205429100572,-1.7014769143927286
한미반도체,-0.24939177686464808,1.8554856541210438
SK텔레콤,-1.794807381376272,-0.006571891853199702
SK바이오팜,-2.4330734629037254,1.069198881202469
삼양식품,5.354476465087206,-0.4007181794823421
이수페타시스,9.144290755138577,2.121849568452725
한국항공우주,4.83216298141779,-0.6818853937189948
카카오뱅크,0.3724499693773393,-1.092653224339947
에이피알,13.759429563861403,1.1672358848798945
포스코인터내셔널,1.5741861591406603,-0.7152386902459525
유한양행,-2.3163316731404207,0.42043328642376093
한국금융지주,6.7714680582633475,0.7169975133380152
DB손해보험,1.1915837155701663,0.916090923997753
한화시스템,7.880356138941123,-1.6041806631408748
HD현대마린솔루션,1.5118888786413582,0.7318775138847978
S-Oil,-0.045299626534385906,0.9856370634104996
LIG넥스원,5.695943528921705,-0.9997045656289839
대한항공,-2.286769782346349,0.08656040470096876
NH투자증권,2.845709595184341,0.13998075030690027
한국타이어앤테크놀로지,0.3275518477318644,0.5161376853095136
아모레퍼시픽,0.6672994658490881,-0.7888637724440758
현대건설,9.220936292308636,-1.8370278238845812
키움증권,6.357074049646463,1.1429069870134394
삼성증권,3.935842402192792,0.3180652880846407
현대차2우B,-0.2467085547743506,0.9779761007273129
카카오페이,6.861296141478877,-0.737928894648864
한진칼,3.2206237291680235,-1.4245884845885397
LG유플러스,2.5976001264523934,0.15890358430365203
코웨이,2.6086691954279093,-1.0596581397615203
삼성카드,1.8475006331828268,-0.13725593066020852
LG디스플레이,0.5672871681638827,1.933376065970726
한화,11.882366417135355,-1.5766163884092186
LS,5.516043308051411,-0.28874306266852623
LG이노텍,-0.437052025284536,1.8920958276148425
한미약품,-0.17000590286231665,1.94976161579646
두산밥캣,1.3262945294874848,0.05722161200045675
CJ,4.476157975937539,-0.0482240146376495
GS,1.3359824589474165,0.3601534271623733
현대오토에버,0.3209410918858482,0.8313441685258439
삼성E&A,3.100394435299977,0.11652812475067194
엘앤에프,-2.188092022746093,3.4673193488036373
한화솔루션,5.888689148873506,-2.0421484019710463
두산로보틱스,-2.774349829601233,2.1550081555018568
BNK금융지주,1.9618043280583133,0.6478370683257779
JB금융지주,2.835193825457867,0.012313551251572016
엔씨소프트,-0.9428156369772585,1.4333758517413335
넷마블,-0.6831175691506182,0.5904884315905402
현대차우,-0.14743736413493091,0.9452678527257424
LG생활건강,-1.8434471438254767,-0.7398221897770585
SKC,-2.4497347845026605,0.42661620228985114
오리온,-0.9338543069895546,-0.9592975710907332
대한전선,2.471548515536096,1.3627003689502886
영원무역,3.138620481456675,0.012235819881120772
SK바이오사이언스,-2.1035304155944345,1.1727138584213053
에코프로머티,-3.748311480700003,0.9722685686129091
현대제철,3.6434077808592695,-0.4747198574757408
한국가스공사,0.20984155450110809,-0.2563854718567681
포스코DX,0.9086754859691135,-0.6976904971257738
강원랜드,0.10158082131678503,-0.3199994953092698
한화엔진,6.4513721632019445,0.7338690425995192
KCC,4.2410301222538225,0.4664421006939919
한전기술,4.205814957224448,0.0302697385739258
롯데케미칼,0.11522321310322692,0.28009060292295873
현대엘리베이터,3.5784805733642298,-0.798577027166376
CJ제일제당,-2.2235754231167726,-0.2599739155544456
금호석유화학,1.2742874113372529,-1.199849344529893
롯데지주,2.554819392060364,-0.14066264933185674
에스원,1.3058903672216657,0.04384253552611775
더존비즈온,0.6917251704084975,1.3498114638587122
풍산,7.6703845872708785,-0.08510091533104834
DB하이텍,3.68486094379808,0.33417723311614683
HD현대마린엔진,9.369665206508458,1.883369298864448
HD현대인프라코어,5.969797083725751,0.48640752475651905
동서,-1.5397905549749424,0.23743934105947556
농심,-0.8356058891732405,0.2611455160991842
F&F,0.8050642872401035,-1.2034579157290741
한솔케미칼,6.1077240520606955,0.7191423934764781
현대해상,-1.1679390369900498,0.968670138575067
한국앤컴퍼니,1.9816728578337357,1.2955879876667022
일진전기,1.6825525595938062,2.0802506395483364
한화생명,1.2013866317535014,-0.3413013429221338
제일기획,0.09313687893926836,0.09672853248081459
한미사이언스,1.7022545420660649,-0.024488815228778493
미스토홀딩스,-2.143962809313935,0.7221225193702782
한온시스템,-3.765843495290757,0.935124455611931
대덕전자,4.212423970974395,3.4015517809651654
영원무역홀딩스,4.613711744137501,0.18377448681861347
한전KPS,-0.4019647215716806,0.3001374312609214
한올바이오파마,-4.546565147417645,2.705567459889337
iM금융지주,4.560612671803075,-0.2323215201086331
신영증권,5.323255642308921,0.2515029572673568
SK아이이테크놀로지,0.7955581464118175,0.5711160626823709
SK가스,0.3554943924111682,-0.3865242100841788
효성,5.714905135868773,2.0517335622465422
아모레퍼시픽홀딩스,1.6471060990719595,-0.4436985670049553
코리안리,2.06286580513601,0.32730193430951926
두산우,13.003728937468502,0.1254307309593513
이마트,1.8115080774762835,-1.9401211102069258
롯데에너지머티리얼즈,-0.45728537797469415,0.9714062789432539
CJ대한통운,-1.5298601321646799,-0.09230376662166817
신세계,2.4829994108354647,-0.26763162883337765
대웅제약,-0.20922391639960303,-0.13080839589216592
두산퓨얼셀,3.4841645417477283,2.5586318979866793
현대백화점,4.883759531913619,-0.24453719228130727
롯데쇼핑,2.74440166423119,-1.3773448669155242
팬오션,0.013397279814763685,-0.2577606382409175
HL만도,-3.777498439447715,0.649030325057363
동원산업,1.2483119308740855,-0.30767862265125323
OCI홀딩스,3.5714178534764303,0.46625410141516416
HJ중공업,8.677784171613787,4.283706417953632
BGF리테일,-0.25714109606352165,-0.5687090494639695
코스맥스,3.221024476984903,-1.767013063690641
에스엘,-0.4418720400784124,0.04792308807681929
호텔신라,1.5017260210473773,-0.4673430102197589
GS리테일,-1.7122122540693219,1.2433770389619887
씨에스윈드,-1.5162588057351412,0.0789696053881508
아시아나항공,-3.2505377631973804,-0.31848202013758026
GS건설,-0.3593018407871218,-0.5556610353605497
HD현대건설기계,2.3962984670090393,0.5503420493787446
미래에셋생명,1.948531403968984,1.704730504115287
다우기술,6.749898768249095,-0.007545413245625349
금호타이어,-1.721403920264214,0.36275899945461476
현대위아,1.5921761941912091,0.2351411628316445
녹십자,-5.393876467278267,1.3515115793322667
롯데관광개발,7.438202899962378,0.42342060534599774
DL이앤씨,2.6746457226320324,-1.9259331947564542
오뚜기,-1.4672989016895959,-0.21991290559404747
SK리츠,-0.28709686675840107,0.03485786351811365
코스모신소재,-4.132416354045805,2.196175780863497
파라다이스,5.219408902213163,0.0895439629596216
한국콜마,2.48070325165242,-1.8060606470481793
LG화학우,-3.024887920661561,3.165839341280246
대우건설,0.55664597033268,-0.8925210121709108
한국카본,8.311502514226845,-0.052288837121792484
SNT다이내믹스,10.249403312701283,-1.3514272072581417
DN오토모티브,1.8988413504817871,-0.6654357250257287
대신증권,4.6538750444680534,0.15946220565339803
대웅,-0.9866486558594934,0.14167387458467
미래에셋증권2우B,8.110636398781722,0.8435410963371325
STX엔진,2.6280183814366858,1.3078560333708018
하이트진로,-1.9072916979227972,-0.2688895011923662
HDC현대산업개발,0.9558361241523756,-1.8192053069499465
한일시멘트,1.230037861888229,-0.646126734783933
현대지에프홀딩스,4.483322204708429,-0.3784203494076226
지역난방공사,8.069903554696992,-0.2011201954842875
오리온홀딩스,2.4025221869367375,-0.8869613902135576
가온전선,-1.1939110988498738,0.742589425732477
SK케미칼,2.1984061729763154,0.7381319727272109
영풍,-0.15865238283444572,0.7249166155169569
LX인터내셔널,0.3439990190549298,-0.009327065282817758
종근당,-2.890818742114772,0.45247518965147426
롯데렌탈,-0.8764816607562642,-0.3683502999622309
SK오션플랜트,3.2092617889479467,0.15163294320430892
롯데리츠,0.6522005674327218,-0.15234725780738556
삼성화재우,1.3367482399575867,0.1441959411735375
롯데정밀화학,-0.5400313498621185,0.9377500688517589
더블유게임즈,-1.5122702437173485,-0.2772221172045788
에스디바이오센서,-2.7090007703861687,0.028112199204871853
SK디스커버리,2.628921245896283,0.22706378209423694
롯데웰푸드,-0.5263365916481968,-0.40633349771391974
코오롱인더,2.188918067162426,-0.3164967083954645
NHN,3.658225367395418,-0.05446416033833932
ESR켄달스퀘어리츠,-1.277441605396909,-0.2940767505486028
LS에코에너지,0.5096484269513475,0.3250809819206181
한화투자증권,3.3502181670005555,0.030127119752103602
동양생명,3.9341930304777293,-0.6889045008370012
롯데칠성,-0.44480736346850946,-0.04154472323263848
한샘,-2.8522044550135597,0.6153309991377934
HDC,4.480750177727788,-2.034981340414177
세진중공업,4.936637638887753,2.825414866281275
교보증권,4.429653170334718,-0.13610379798966987
NICE평가정보,1.2647763081298171,-0.3674615378685731
파미셀,3.786794659990976,0.1981807467288032
쿠쿠홀딩스,1.2178461037320014,-0.1814772382257283
SK네트웍스,-0.3878129384379081,0.0825902227131302
세아베스틸지주,2.4343603233480167,0.35840445133998217
효성티앤씨,-1.9735949145918745,-0.5306902048666512
대한유화,2.452540063711929,0.9674710073472232
CJ CGV,-2.643273140036017,0.5776034396082763
일동제약,4.710845721689286,2.669851473460222
HS효성첨단소재,-0.5108432429718,-0.35757445291083806
태광산업,2.9633650548690698,-1.552870146933376
SNT홀딩스,10.065074531315076,-0.4499362101910608
GKL,1.9638842692804164,-0.05316231372803018
후성,0.30148089966382363,2.4853664775551425
세방전지,-2.908967403235576,-0.30379855293670704
해성디에스,1.3577203931367916,2.556350653789371
LX세미콘,-1.4678185137390727,-0.5222496053271491
경동나비엔,-3.9928823675711964,0.04236969483066954
DL,1.455811441303339,-0.9500916621648596
아세아,1.6498662068090089,0.4900735494652311
SNT모티브,4.4138140025436465,-0.888535420982747
LG전자우,-2.0202565215409685,1.3141919800997977
솔루엠,-4.075882588729206,1.1624023329435826
케이씨텍,0.7662370746980769,1.169780581289406
F&F홀딩스,3.013451805548658,0.292637518877009
케이카,0.6384856549504723,-0.034382430105139555
SNT에너지,5.849147298750292,-0.7217356633667141
동원시스템즈,-5.237990232410645,0.13501965781114633
신풍제약,-0.17321372968620086,1.8930472588512237
TKG휴켐스,-1.8665098315067978,0.6257299453031331
녹십자홀딩스,-2.504340314361994,0.7961475216288048
한국금융지주우,6.421394541475977,0.8599033071681148
유안타증권,2.607257237200959,-0.052433759937754586
보령,-4.237111820334393,0.6412605315139649
코리아써키트,3.923638501776977,2.485209005040215
동아쏘시오홀딩스,-0.9743661371563971,0.05435958908185086
한화리츠,0.030915964688084996,-0.222012295568563
프레스티지바이오파마,-3.3601835659163233,-0.100955229373196
하나투어,-2.2345425480116416,-0.49244238318207567
이노션,-1.6412683160752968,-0.18585409866024488
율촌화학,3.239581272810038,-0.9672678767310401
대상,0.6220197294321239,-1.2458165970245016
넥센타이어,-1.2159966339222505,0.6383320339414785
한화3우B,8.685941152357735,-0.4660020955527985
코오롱모빌리티그룹,5.833784103860038,6.513998262890587
빙그레,-10.941126849824009,-0.8010622968484795
신한알파리츠,-1.9181500357736423,-0.10503404544872581
미원상사,-3.6525457601243767,-0.5685683184348518
미원에스씨,-2.3119901281445543,-0.47049971359808596
CJ4우(전환),5.3009552895816965,0.104380943597662
현대홈쇼핑,1.1919813206703567,-0.597042935967758
KG모빌리티,-22.00303888688862,2.8159277906435807
코스모화학,-0.6367909143468553,0.31673040256018264
코오롱,11.40479575777277,-0.8679994076923856
부국증권,6.889686685580657,1.8467724178361977
한화손해보험,1.7723914160090457,0.12852407365543894
한국단자,-2.614608828453009,-0.15136880453032853
비에이치,-3.348207837508407,2.1458912460517374
디아이,-0.19871294526411565,1.660226992566091
LX홀딩스,0.7268561184172118,-0.20743147031800435
HD현대에너지솔루션,8.28285038303688,-0.35073357959678864
한국쉘석유,1.6635416351680798,-0.04767203960760669
JW중외제약,-2.6211874426303394,0.5267335554423074
제이알글로벌리츠,-1.4605138038226437,0.7262157915877201
솔루스첨단소재,-1.4330259701524004,0.09995435664260481
E1,0.16263985774471745,0.25734332502714047
신대양제지,6.573841797684261,-0.3215524651510036
세아제강지주,-1.257636664285478,-2.9811194641260133
바이오노트,-0.052643775630434986,0.4751460898789272
대한해운,-1.6738361489226687,0.42105640894068
덴티움,-3.1027694669641845,-0.959436679212893
롯데손해보험,-3.517805096807069,1.0043602919519687
쿠쿠홈시스,0.9512911275572615,-0.5848388133253557
한세실업,-4.494349284261897,0.9085474626466522
KG스틸,-0.9538001480104907,-0.9514669580212309
대신증권우,2.1223489004955907,0.0006808322996375848
아이에스동서,-2.8190711700370583,0.062123059793875876
삼양사,-1.1608493152508155,0.09943675350142378
풍산홀딩스,4.038948674200409,-0.6256593060313099
일진하이솔루스,-2.126101133175766,1.3053519185809288
NICE,0.9344546177135684,0.19408725978354485
현대그린푸드,0.22584741103991002,-0.6136569452310935
LF,0.3003414755394722,0.11228034338654454
풀무원,1.5852763065181805,-1.3694982453352174
퍼시스,-0.7456774257057286,-0.15473126063068676
현대차증권,-0.6370539012426988,1.1602997724427306
한일홀딩스,0.6732482234871613,-0.3502147447125604
동아에스티,-4.295095111691959,1.0147680998368347
애경케미칼,3.9701153195042034,-0.7675048949248671
아모레퍼시픽우,2.10349085347839,-0.646319302197087
삼천리,2.9154361878910393,-0.32275271120081267
고려제강,-2.1828391600265165,0.13612949442009292
태영건설,-3.9035707208893493,-2.5367487265923123
PI첨단소재,-1.6826297438548103,-0.10800430525269138
엠씨넥스,2.582769405592945,-0.5984261386802625
드림텍,-4.454765178574851,1.0218423914285235
신도리코,0.626984094528265,-0.6616512156793253
삼양홀딩스,1.3144950997802143,0.9221171324772093
세아홀딩스,1.2686534237466058,0.13842491915943334
제주은행,3.588265217938474,0.2045072809583331
조광피혁,0.04709932694427166,0.3126937032130227
현대차3우B,-0.12694035090200861,0.932556679472938
스틱인베스트먼트,0.16556394457452495,-0.23477167251487185
명신산업,-3.9801399301652665,0.982074695753842
아세아시멘트,0.5963962843763548,-0.12244332427650209
농심홀딩스,1.7885811028814231,0.6286083400905754
유니드,-0.7186046890783899,-1.510500391630594
티웨이항공,-4.0206836184903665,0.7865985453325359
DB증권,5.409731385729623,0.24647600508689288
SPC삼립,-1.4623652178213171,-0.7700238689780955
코람코라이프인프라리츠,-0.6059618075246698,-0.2991714315486793
KCC글라스,-4.357403744731748,-0.14707170857847263
제주항공,-3.22723001757864,-0.6238466822218124
두산2우B,13.93841740422221,-0.7183342232552172
삼성FN리츠,-2.0334490421292233,0.10131065343623721
TCC스틸,-7.359715386922873,0.7133018645101582
HL홀딩스,0.8031236320414576,-0.28198868793471205
자화전자,3.045609151233089,1.2774889271658005
YG PLUS,6.981670419555511,-1.8524634577475758
부광약품,-4.63249241317321,0.3743709504889442
흥아해운,-1.1289722718391184,-0.2658779550197018
쏘카,-6.4882125343062835,0.2577998136498976
BGF,0.2008816803446809,-0.35236395390244935
대한제강,-2.4236069923913397,-0.1870078105274401
KB스타리츠,-1.1728049024563791,0.08219163239181913
KISCO홀딩스,1.3349423820054436,0.2576344528162013
KG케미칼,1.183925452962003,0.3779887867746472
한전산업,1.4694103941036318,-0.8967346124877315
한국철강,0.6702250534876741,0.37546235670940636
애경산업,1.1098549024991606,-0.9864666269104356
DI동일,-7.8049807164875595,-2.5593280615644938
신세계인터내셔날,-0.5001791406161604,-0.667632484942808
INVENI,1.008093918165034,0.2945032858553968
NH투자증권우,3.1408842179928484,0.02296844970007842
영진약품,-1.430727493731838,-0.447672170996228
SBS,-2.675820520418995,-0.3699611078873642
콜마홀딩스,6.007340043998438,-1.9256645171998992
일진홀딩스,3.0641938622626252,1.2703740584968586
한섬,-0.48955633503302187,-0.6159649576945924
삼성전기우,1.6589481283909846,2.0943924826980274
대덕,1.8255915074423736,0.12093077620755303
진에어,-3.9288057334449986,-0.7848452624399354
DS단석,-4.772816876820712,-0.5182364341105957
대상홀딩스,-2.057606347431041,-1.1757116374922139
현대퓨처넷,-3.923118020704929,0.7550114214230899
사조대림,-2.0669254980533878,-0.21549106737225343
유진투자증권,2.8304827110852457,0.03461459877063245
삼아알미늄,-6.866823371496243,1.6735767547937277
세아제강,0.9387481874643329,-2.839141865568894
한국토지신탁,0.8599240947418889,0.35946772479660766
신성이엔지,1.7559740278167966,0.31930533959734353
케이씨,2.7563510245972003,0.11198739754078137
SGC에너지,-2.3741475052274206,-0.01935958595688053
서연이화,-1.9807567773814836,-0.027830272549419798
우진,5.493472523354426,1.277834361079306
제이에스코퍼레이션,2.8387887283315365,-0.534113813933839
남해화학,-0.31519208429756884,-0.7771370554545932
삼화콘덴서,-1.142678012946003,1.0880288459005223
SIMPAC,0.7275614868879545,-0.2582422482120199
서울가스,0.5393688841270503,0.33331654066385846
유나이티드제약,-0.7159696880077258,-0.6273122330245408
SK증권,2.1402372544232433,0.2817485037550343
광동제약,-1.1307401637444456,0.04229595211246573
디앤디플랫폼리츠,-0.07772953619369849,0.05394179233464877
일성아이에스,2.882510653680902,0.20591154601683043
이지스밸류플러스리츠,-1.5269945776475762,-0.4169250808292143
남양유업,-1.6277581678426518,-2.0041674813506445
이리츠코크렙,-0.22310143230196622,0.0028113028500887684
엘브이엠씨홀딩스,-0.5884231008453897,-0.9055099577434483
넥센,1.442112727042764,-0.5709394590857825
KPX홀딩스,1.2729424976471684,-0.20636530914523482
한국자산신탁,-3.4242955284833867,0.24057012083617763
아세아제지,-1.041147356736829,-0.11656025234676744
모토닉,0.5295772845029227,-0.348968046939479
한진,-1.1803125769927634,-0.11822238400698828
화승엔터프라이즈,-5.062761248703666,-1.4907992723884411
대원전선,-1.6576971342370181,0.8903398527018991
롯데이노베이트,-0.5691109294419394,-0.10718562152060693
수산인더스트리,0.2103876999108656,-0.7746197788162338
현대코퍼레이션,0.5602979648333384,-1.4260474055531214
삼성SDI우,-2.973007519604311,2.701755139261134
국도화학,-0.1263274139646251,-0.3711175393596345
삼영무역,0.5735517297796497,-0.3191933493153662
코오롱ENP,1.6920491195283582,0.20350350037842774
DB,-0.7291174307615731,0.32250973545893746
노루홀딩스,5.543455596829252,0.19708787096780545
삼진제약,-0.9723435782999971,0.2216538011658279
코람코더원리츠,2.284533180673969,0.57298437495478
디아이씨,0.7496515430631963,0.334547463687948
대원제약,-3.0145681587256545,0.018221511246289457
TYM,1.159966766232206,0.4166707850445164
화신,0.3783714413037016,-0.5601518142174713
LX하우시스,-2.4577564982171567,-0.05952334122764721
일신방직,1.9374627916946885,0.06521940768182324
PKC,-4.0568933454561265,0.4261993670824179
백산,-0.6735033944823174,-0.8034462536893237
JW홀딩스,-0.28777608110519504,-0.27982041856138096
아이마켓코리아,-1.3227121448622898,-0.06461969913736454
서흥,4.869837756424364,0.7636719208108261
지누스,-7.056966731151897,-0.03680608404182349
세방,0.7342170741962897,-0.34726865901492765
대한제당,-0.6434138282631598,-0.7042866676590411
스카이라이프,-1.0798953110232048,0.42391574844798113
대동,-1.6875431063153774,-0.8182191381777079
BYC,1.0225029312337157,0.340234822982131
에이블씨엔씨,1.8536106804467796,1.250975884190277
잇츠한불,0.1279378965891449,-0.9615863939713816
LS네트웍스,1.70048680474001,-1.4702621729519458
사조산업,2.345646817526128,-0.3421548571589848
HS효성,6.382815332033235,-0.5120375884204245
LG생활건강우,-2.924839036798486,-0.07866466512224096
광주신세계,-0.4606795859331927,-0.03441776100824995
종근당홀딩스,-1.6278233420043469,-0.1695096787228031
삼영,0.9606341733924095,0.7946843491308964
이수화학,-0.9277018122404705,1.672289975136631
흥국화재,-0.2576401967680819,-0.22733073072307597
대한제분,-0.23389691742211105,-0.33485610888121153
한양증권,2.789062335253627,0.15979962444811135
JW생명과학,-0.11063856343427436,0.3268522242895918
성신양회,1.3150851160764732,-0.2037528942946037
한농화성,-0.19437823079995842,-0.5605763127337062
SK디앤디,3.598038448331322,0.3458829611020067
동성케미컬,-0.3298257827106361,-0.1356637162820709
대원강업,-1.6366671283222545,0.16221921806587936
동국홀딩스,-0.6142480990562178,-0.442405989119279
하이트진로홀딩스,-0.7925632968072449,0.17232929555959325
SJG세종,2.418028060491161,2.0776357466121853
방림,-1.4273686840381514,1.3524040778647604
CR홀딩스,-3.0125808205334224,0.05136967049075547
무학,1.296281875554126,0.028541050454617092
한국화장품제조,-0.9829776440036027,-0.13794880546454613
이연제약,-3.700064738650698,0.3998750409690305
신세계 I&C,-0.6955542583343184,0.4918624299217166
에스엠벡셀,1.1148408651633153,2.3050409492492734
포스코스틸리온,2.8426096050269276,-1.5688167496592502
휴스틸,0.22093151730108307,-1.96342172768668
에이프로젠,-3.696615500359195,0.12903281771257136
삼일제약,-5.5165445913651485,0.2472314993553677
대성에너지,-2.5626780585942877,0.34878697101971157
교촌에프앤비,-2.1382217207602614,-1.3985475040620836
KSS해운,-0.6278295799618412,-0.42547926723351437
서연,1.6913075940303495,-0.44962883928138
선진,5.669876001394889,-0.3180847006123762
송원산업,-1.6522648113246465,-1.4429815611959556
삼성물산우B,2.237056182364081,0.6263636397446452
웅진,13.730596374899037,1.1327643530247973
HDC랩스,-0.9186661321261589,-0.6546970274786834
삼양패키징,-3.879888911620731,0.7648483913892391
다올투자증권,0.07882409086309483,-0.15743228065073422
도화엔지니어링,-2.088238596211891,-0.3734172258895827
화승인더,-2.2018336892956807,-1.214122358559245
동아지질,-0.08408462664390881,-0.4618026464572519
환인제약,-2.388072986203494,-0.15805465207171837
제일약품,0.47300672165485613,-0.0486641334072747
신한서부티엔디리츠,-1.4774196823538308,0.14306838854558473
AJ네트웍스,-2.2484416546868,0.8637010609292893
대성산업,1.1943185137320724,-0.13715333418444542
삼영전자,-0.9780546231749635,-0.3737556644791501
한화갤러리아,-1.4050367810723356,-0.8657607585635573
CJ우,3.7733504542467626,-0.12227003878517623
하나제약,-0.7597916151505228,-0.21633742145836277
LG우,-0.4629450835674882,0.42263622692585
에어부산,-3.5566944160522915,-0.3790099620542007
한솔제지,-1.5169132126330678,-0.09671691564702062
동양,-1.77056611759625,2.070761555612204
대신증권2우B,2.1608470457096702,-0.011551639961036479
미원화학,-1.0103790398392922,0.3831508926950709
삼화전기,-2.2843558525587646,0.9057837203761542
GS글로벌,-2.505533774179968,-0.24144162486743592
한미글로벌,-0.35469167908592936,0.44620411158874296
에이플러스에셋,2.4746084373557338,0.7837155289714426
토니모리,3.971403240209403,-1.7616000310328443
퍼스텍,1.9775811740677063,-0.20753564725801554
알루코,-0.9523813857549759,-0.8548309897632773
한솔테크닉스,3.0431823798430058,0.1359235985628675
경방,-0.4260897437719049,-0.6830221029488733
NH올원리츠,-1.2931938593829935,-0.26645615428294217
금호석유화학우,0.8179334113370977,-0.3541954956116784
해태제과식품,-0.30925433845281414,-0.8252464069308526
미창석유,0.3983582445734095,-0.4112968772429793
이월드,-2.2420640080038874,0.01878783234708923
한국공항,-1.2092392208142546,0.960138903884219
진양홀딩스,-1.2226219393582594,0.10202265047832604
금강공업,0.7934034633885343,0.34520031166559145
CJ제일제당 우,-0.04848485189515661,-0.4370459900772632
LG헬로비전,-0.5993951757278089,-0.41798330821697527
경농,-0.952425197830321,-0.14304472845940638
콘텐트리중앙,0.2530759002983234,-0.6134176813964266
S-Oil우,-0.975782038219168,0.6589029974905378
진원생명과학,-1.2594416723501205,-0.6793301851673432
롯데하이마트,-0.18428100133065461,-0.4644009605756611
대창단조,0.3053782621266179,0.42719955340233995
한국석유,-1.392620787183887,0.33188056583401443
코오롱글로벌,-1.3777991335895896,-0.15840489432159044
일진다이아,0.043575175436421754,-0.23949249397492345
동화약품,-1.7224766396749658,-0.1598008690536048
한세예스24홀딩스,-1.3298164321255994,0.18193955363765069
신원,-0.6954349678242486,-0.533221308971679
대교,-3.649042643717335,-0.17697943416141199
한국주철관,-0.35646877712653047,-0.4140134962884483
계룡건설,3.2841249712633873,-1.9206070917182745
노루페인트,-0.6515901674496116,-0.11541163063532404
KBI동양철관,7.237913467088014,-3.5565702342814896
현대비앤지스틸,-1.3881216256090774,-0.71592916175841
한독,-2.0547253244040045,0.07216526484322039
모나용평,1.3679100406945466,-2.107089396146135
한국화장품,3.151384760364282,0.6084242950466805
삼양통상,-1.2228332410062368,0.22223105800987097
이구산업,0.2014777887925887,-0.3379538081383749
그린케미칼,-0.30090180266106104,-1.0355879658630676
조일알미늄,-1.56851334422994,-1.0247477315597955
웅진씽크빅,-0.8362106686665629,-1.108243006943377
무림P&P,-2.6165275424397585,-0.5181995599896634
사조동아원,0.20328462251947643,-0.31329075531000633
대한화섬,-0.08000458341548611,-0.8185709236330131
유화증권,0.8429709458112473,-0.25692300340442953
미원홀딩스,-2.8796063343980522,-0.15013690665838408
삼화페인트,-1.6231176729709464,-0.30033094043633163
만호제강,-0.9086490059904737,2.813770562645533
신세계푸드,-0.16319128971270502,0.4366354535964022
KCTC,1.564220144890312,0.5507759638912518
강남제비스코,-2.5624541951755795,0.12712095899728038
대호에이엘,2.151264190238928,-0.8392991290844007
일동홀딩스,-0.03795380968677531,2.442443776439864
유수홀딩스,-0.10689135097700286,-0.5357198966541198
태경산업,-1.1849645464781908,-0.06442885076351956
효성ITX,-0.9763755853482473,0.05895434698367409
미래에셋증권우,7.88445421541554,0.7616931327722496
텔코웨어,3.0169837773564963,0.768389191244107
신라교역,-1.8568143893993658,-0.10512043836099859
이지스레지던스리츠,-1.0213372948571542,-0.44941338987226875
HS애드,2.440535776567934,-0.03744776946009324
디와이파워,-0.1620197897616702,-0.37437207173513454
자이에스앤디,-0.4315034554556594,-0.47279304608094924
샘표,1.0035927920346914,-0.1113009251991957
NPC,-2.1167877857965838,-0.17772623586357744
디씨엠,-0.6355324182692825,-0.7216711764715859
KEC,-2.3567047041892546,0.1877183958029246
경보제약,-4.768057565257381,1.3945463038622945
한국제지,-2.6445693092735807,-0.05026376770354489
한진중공업홀딩스,1.8450941622883659,-0.5747592788288789
금호건설,1.2826250750381827,0.3845041372015735
대성홀딩스,0.8393746608000527,-0.4939181027139814
태경비케이,-1.210655757396367,-0.02939541489501525
키다리스튜디오,-0.41672461412578987,0.062058235302093936
남선알미늄,-5.142175779099199,-0.24611768661354838
사조씨푸드,5.237298798218534,-0.09626444987983766
세아특수강,-0.1262398454752589,0.3428667964651579
샘표식품,-0.8313936898160386,-0.15086767707598503
유니퀘스트,-4.156256733683586,1.335467499496075
코스맥스비티아이,6.178228038135722,-1.296062884572755
삼성제약,-1.7325357441184954,-0.28887473538163766
동방,1.508817217513736,-0.1667842921103581
신영와코루,2.6655531792303035,-0.028722771679017718
일신석재,-2.8471543964740267,-0.9430773151702142
티와이홀딩스,-0.9599642033391723,0.0720416685776693
HDC현대EP,0.2559830604295632,-0.16505170198283559
한솔홀딩스,1.9774767165379212,-0.08902416181545865
동부건설,2.2091589861171137,0.6065491320718225
신흥,-2.065244098245663,-0.3109392631751946
아주스틸,-2.4446304584599283,-0.8356428553332275
유한양행우,-2.3119087449210314,0.3385152552504541
제일파마홀딩스,-1.0823733044324115,-0.14303301902529425
경동도시가스,-0.30790779413740244,0.1862579952555396
현대리바트,-2.1406970296478955,-0.642487871644455
한국수출포장,-1.3885678770644052,0.11974334433637117
조선선재,-1.3151860070817434,-0.041870234191748526
아시아나IDT,-2.254986536165192,0.08106802295060132
태림포장,-1.6164830502173806,-1.0795507650484901
KTcs,-1.2284455276276653,0.1052381525521989
유니켐,-1.6824464123365084,-0.7365304890237256
경동인베스트,-2.486946954162997,-0.5683832403430802
삼성출판사,-1.254092875609261,-0.7250431290087818
HS화성,-0.9686973254877466,-0.0437938247245523
금호에이치티,-2.5945540547638317,-0.41393645154713987
AK홀딩스,-0.09261661924044318,-1.1732264627392883
세원정공,2.972612973796336,0.0005352603780015182
인바이오젠,0.3755836361113918,1.1793141811706473
경인양행,-0.29170953464134164,-0.9545077680786587
종근당바이오,-1.6275408537232772,-0.24389165888224013
삼성공조,4.005725061041648,-2.2100743534341007
극동유화,-2.3233299336732136,-0.18507950905072362
현대약품,-1.6032932485913312,0.5228010872401662
에이프로젠바이오로직스,-2.273506996919732,-1.0100200113599451
인천도시가스,-1.3487362070979358,0.0973514116937786
벽산,-0.11606724039214855,-1.9354283632713807
크라운제과,-0.07480431710870272,-0.15018067981851685
와이투솔루션,4.028372881054618,-1.008610515916409
한국무브넥스,1.8684062922056794,-1.8029269276710693
수산세보틱스,-2.466767056801192,-0.1466399294467859
페이퍼코리아,-3.9510593224729313,0.09942816039929606
대창,-1.2436018936798097,-0.5741897506173195
대영포장,-0.04734130301162942,-2.335554574623738
한일철강,3.8633309026413185,2.0898772120483056
디와이,-0.5096477958298653,-0.19941628565928
우신시스템,-0.17890881276915827,-0.6019691575559978
현대코퍼레이션홀딩스,0.319994576301041,-0.3619963558758795
티에이치엔,1.4793753523160609,3.486675380209785
HLB글로벌,-8.474443273458,-0.29549657320468975
삼익악기,-1.0699626775344002,-0.49315963320544637
휴니드,-0.8069705848719124,-0.8582849882220772
SK우,3.1126121790079875,0.5953903852150654
두올,-0.73866317915002,0.2940939450633985
화승코퍼레이션,1.4190331082787813,-0.208262017689751
동남합성,-1.6311763923825051,-0.4999530980056835
미래에셋글로벌리츠,-0.8606228101839088,-0.13633138654089502
광전자,-0.7182753015043457,-0.28436377229769766
엔케이,0.4592704487931698,2.2263768990764747
화천기계,5.266287503114777,-1.6451715562125122
황금에스티,0.15428880478734364,-0.2747540363100738
제이준코스메틱,8.454959450680576,0.9218348744842794
두산퓨얼셀1우,1.4950565056893756,1.8687400585258034
크라운해태홀딩스,1.2311273361810144,-0.4443747193901112
한신기계,1.0752139774744771,-0.6063262275905755
한신공영,0.8013652837065317,-0.37175594482432733
성창기업지주,0.36464633848890404,-0.018505408606125668
HL D&I,0.004388902492517888,-0.6557335368426166
삼원강재,-1.39164566265472,-0.22184861659361005
CJ씨푸드,-2.1182490149395496,-0.6579145485816816
DRB동일,0.24428678839543627,-0.3455838558956214
인지컨트롤스,-1.0347017769595532,-0.2545339862407577
세이브존I&C,1.2198078171242122,-0.7849646511983207
아남전자,-1.773248744076468,-0.9317967021952864
신일전자,-2.095021660356619,-0.8530520380895957
영보화학,0.8370682087832106,-1.128018667797471
동일고무벨트,-1.6971427471335216,-0.588224674561037
KTis,-1.0075793192990847,-0.18132559636442813
NI스틸,-1.2885702151900968,-0.17906936301118204
SK이노베이션우,-1.8067082273470132,0.4972665511656863
진흥기업,-3.5973045181291488,-0.17623952930805392
동일산업,-1.0727191975781154,-0.7886143328656375
휴비스,-0.06706641939311875,-0.6473277871273664
TP,-0.44967327712944716,0.9524407779924312
태경케미컬,-3.466180584229823,-1.3785786773973527
한국특강,-1.9875923222175946,-0.03602261815503252
제일연마,-1.3208614386193775,0.025214144334471084
국제약품,-3.621997909516536,-0.0037072421348174293
인스코비,-6.783885446265873,-2.954477449855052
팜스코,0.1443617722824726,-0.10048412306169899
부국증권우,1.1056061895203944,0.36953184244509146
CS홀딩스,0.02998807557325245,-0.5282320904650147
조흥,-2.82516049572548,0.03149863360771254
진양산업,-6.97343518739467,1.977272002327778
태양금속,-2.792635617896182,-1.763877366799344
사조오양,0.02118132853465604,-0.12333056634700018
대림바스,0.3613845986346975,-0.07881596586426273
삼호개발,-0.022122556954356387,-0.31503522691723684
GS우,0.9520425279423037,0.03919950321339683
NH프라임리츠,0.11930237321348836,-0.21052868988871376
한국내화,-1.4932098434648102,-0.6024741761566377
무림페이퍼,-1.2110494824164586,-0.5920795581972012
동방아그로,-1.8221678940266983,-0.06444496252181536
동인기연,-4.638283353280526,0.07247842615207703
부산산업,-0.25124920772405,-1.226166804826176
모나리자,-4.120360627536617,-0.6599976853171758
신송홀딩스,-0.09872923766288055,-1.1925115475569088
SG글로벌,-10.524367323483975,1.490778308508605
아모레퍼시픽홀딩스우,1.595242787764266,-0.3009095099305141
대현,-4.589510195336137,0.00940690318897788
덕성,-4.205642479893462,-0.7809469464594225
테이팩스,0.27609564538582854,-0.057858052342308536
한솔로지스틱스,1.9716014325801328,-0.07833862862102374
삼정펄프,-0.47911508404661296,-0.03945245850417882
인터지스,-0.9137530227873141,-0.4847423651602689
팜젠사이언스,-1.8358108659039591,-0.10850707046787779
하이스틸,3.7211543947074937,-1.7661109538300006
상상인증권,3.5268153990732136,0.3851169803720946
호전실업,-1.566797495487817,-0.4507035526915757
지엠비코리아,-0.9578090558128971,-0.3149174802688577
깨끗한나라,-3.4614935443195565,-0.5673997073962882
한컴라이프케어,-3.3549851365308463,-0.5984598155977815
남광토건,-1.3837613049847448,-0.752243899826628
유유제약,-2.5652799510358655,-0.29883690978237915
일성건설,-14.678117176281674,-0.7272628559696641
인디에프,-0.242316721524656,-0.3239394954274999
화천기공,0.07775161095778449,-0.2606701604473516
아이티센씨티에스,-0.17990604887920703,-1.0946701691922105
디와이덕양,-4.44403524142151,-0.43064295311864753
남양유업우,-1.951410909222929,-0.9067086843141229
화인베스틸,3.2743136959383152,3.344695105439422
SG세계물산,-1.7377655208296519,-0.32009562202200914
기신정기,-1.6008377185559146,-0.20251236130140488
혜인,-1.2316779060671057,0.026167366675174927
코오롱인더우,0.7895845719468024,0.146144491022962
비상교육,1.7264568780605107,-1.2767659181907367
유니온,-2.644257347815199,-0.7951047539715747
오리엔트바이오,-12.520506437723142,-1.8790977993500428
미래에셋맵스리츠,-0.35489889594444235,-0.17439370409769694
대구백화점,0.7689919681149346,-2.0234419603944067
삼화왕관,-0.3998343189981468,-0.6393334960039013
유엔젤,-2.4672017890819458,0.0011270044802069203
까뮤이앤씨,-3.949359311476732,0.0988625760812783
조광페인트,-2.663153964781548,-0.3356909416300559
DL이앤씨2우(전환),2.7032074707088265,-1.3008549010914456
고려산업,-1.3765147002065667,-0.931880599194697
DSR,-2.4936252678291297,-0.043135230453212825
SK케미칼우,1.7273870890787149,0.34005642035638384
보락,-2.571235698422587,-0.10707455796787223
성안머티리얼스,-5.630137877264465,-0.4603331967167843
동원금속,-8.828487494392057,1.3176728279341972
대양금속,-1.5829416797499714,-0.5957743866778078
다스코,-1.6537370134953802,-0.5567382999990703
화승알앤에이,-1.2524062089698875,-0.15289439561158652
유니온머티리얼,-5.824008527552817,-0.07329573591462943
인팩,-0.6592388342000142,0.07259441598438436
보해양조,-2.781204062218195,-0.38631500107177497
새론오토모티브,-2.2108834455612145,-0.27406199953558774
전방,5.40904180823636,-0.220774047104199
서울식품,-1.3028576524272983,-0.22493815154301738
미래산업,-3.6815957558070984,0.9649943083879944
SB성보,-0.4530881571096812,0.2351247844606244
조비,-0.13505651806072616,-0.7942915056620924
명문제약,-3.0456937963742634,0.5286095041357456
씨아이테크,-1.024805192366105,-0.4044490010492466
광명전기,-3.224422243684172,-0.5846356927972873
현대건설우,1.4011948986125864,-1.198124012984294
SJM,0.5023875766414241,0.11688920734354362
SJM홀딩스,-0.7001198608637655,0.20324870639305143
상신브레이크,-2.361533430008095,-0.47271691560043044
신풍제약우,2.7080660930901077,1.142172776218563
써니전자,-4.976940587969724,-0.4823303226351713
진양화학,-7.196119827701848,1.529798526650109
한화솔루션우,3.755421714194463,-1.9480297608809642
영흥,1.4912707227909516,-0.011271982844053372
평화홀딩스,6.662651236424993,-6.655469060017778
삼화전자,0.7595679772878876,-2.5649692596283984
갤럭시아에스엠,-0.30647182640485426,-1.2447540230069936
금비,-2.96655053814617,0.3592458818141923
삼일씨엔에스,2.1865486027813903,-1.0536549627909464
케이비아이동국실업,-1.909913288567748,-0.3875894711598894
롯데칠성우,-0.5660657629690116,-0.2233607167993127
유성기업,-0.412132650263606,-0.3163295458509684
메타케어,-0.16324395485813503,-0.7306531959268974
SK디스커버리우,0.8637568929145605,-0.43454425167955696
DSR제강,-2.3968836039621864,0.18146176075343007
한솔홈데코,-0.9165829469715701,-1.6706259058197428
BYC우,4.635272894636297,0.6637553545279513
평화산업,0.53984360354334,-2.742035738440703
티웨이홀딩스,-4.140278782978059,-1.23272289902681
형지엘리트,-4.751395690960305,-2.5756576969041647
블루산업개발,-3.820042302651769,0.2320800754431257
우성,-0.49704466902901023,-0.27664659278173404
한국종합기술,-4.688874887425637,-0.34452704769821874
에쓰씨엔지니어링,-3.2041231088519644,0.0770835653271442
이건산업,-2.0519415146871807,-0.9644284541445982
마니커,-1.4221478696071004,-0.8948153682282249
유안타증권우,1.8849966323551195,-0.07688314325946413
대유에이텍,-2.4686890918871005,0.9883307056396107
서원,-1.39503450392669,-0.9659994551919993
마스턴프리미어리츠,-1.1045136280870762,0.330748428526723
코아스,-4.159717881725303,-3.5221979601714724
유화증권우,0.20390944434756308,-0.179791416622473
DL이앤씨우,1.6191384921839056,-0.5784597600267324
케이탑리츠,-2.213855120019177,0.09840003434523963
아진전자부품,-1.9107862792092782,-0.0994606337110948
동양고속,-0.24819709403931944,0.44672093791322387
DYP,-3.805092308671849,-1.0335381673158803
영화금속,-2.415159360859093,0.4849953174967584
진양폴리,-8.095396927646558,1.7152393524127225
시디즈,0.3457617910663364,-1.8857589126513365
주성코퍼레이션,-13.437962334637536,2.5454871752434864
DL우,0.2606448484231354,0.2695740132445682
SH에너지화학,-4.5470658537079505,-0.21516925153974792
씨티알모빌리티,-3.3801364126459608,-0.5707841113175074
문배철강,-2.0447098747513315,-0.5813606210505265
한화투자증권우,0.007269157168601659,1.4823147465930975
플레이그램,-3.405475014474381,-0.020924473923889894
부국철강,-2.254886323813615,-0.5698032437454639
코오롱모빌리티그룹우,-0.5437912062166401,12.215423431981502
KR모터스,-1.3521667354463585,0.9024643345913828
한익스프레스,-1.7442790965582788,-0.429880644925354
신풍,-3.0391733153175444,0.30131878453363786
우진플라임,-1.7072780171145925,-0.11030424487170566
계양전기,-3.4484180326180454,0.2053441911530418
메타랩스,-0.955643501657514,0.1773619985147698
모나미,-2.3979277057144683,-0.014012228149485172
금호전기,-1.9916585557292554,-1.888928401297416
MH에탄올,-2.3581562403094614,-0.05128915568186663
한성기업,-1.4708162830193936,0.4015190852178956
유니드비티플러스,-0.9986577252390767,-1.2779277276035177
대림통상,-1.697597230207692,0.07695065732455807
솔루스첨단소재1우,-2.3827321784559237,0.5842284802888305
대덕전자1우,0.8908594850227183,1.812602284579298
세우글로벌,-5.639319285550474,0.49526354403713446
대한방직,0.22666096609140451,-0.07629701153897639
이화산업,0.28680548218452273,-0.054131384939088825
두산퓨얼셀2우B,1.3916231954700127,0.9692914664571666
원림,-0.11068181348173312,-0.7053426962154175
체시스,-2.26333043694493,-0.602706266784788
세방우,0.17807598205650166,-0.35959649350359435
동일제강,0.42277267172972177,0.20623534150890283
온타이드,0.2501108117020072,-0.43664065806208263
경인전자,-2.1122593186601146,0.312062936454329
대원화성,-3.6276927909498884,-0.13761963937163973
핸즈코퍼레이션,-3.524704169927725,-0.3009746520463481
한국전자홀딩스,-1.867749386709738,-0.11508178225683913
한창제지,-3.198945893676683,-1.2023464462221332
남성,-3.372541229326254,-0.6587225171799177
코리아써우,1.695871209141218,1.0154339910403356
다이나믹디자인,-9.818148776724072,1.8953394501617815
SUN&L,-3.0075472749201015,-0.6398583169465726
한세엠케이,-5.410607104431866,-2.0273502577123694
우진아이엔에스,-3.154471502007925,1.2040373333826564
호텔신라우,1.9205141546124933,-0.6247687397101055
에넥스,-2.1868545796057512,-1.4720318288068388
주연테크,2.607420622472471,0.7178652014102769
비비안,-4.155248479632796,-0.844009069364823
WISCOM,-3.128844431323424,0.2143287552193761
세기상사,-1.3246489404324628,-0.09375294826738714
코오롱우,4.836067231320877,0.07118129209587368
동원수산,0.27371948456617545,0.23566078436658433
TBH글로벌,-0.6601854291617877,0.3387159519495044
대한항공우,-1.4923419739056096,0.1062118717975137
진도,0.09037861796024949,-0.45581176891656217
태원물산,-2.7592847108534593,-0.4691048430065537
성문전자,-0.8243356925033256,-0.547664593397497
미래아이앤지,-0.8435578768759975,-1.2335807056952846
대교우B,-3.2245791495174614,0.05763952702155699
롯데지주우,0.6721747838858003,-0.364938296211168
넥센타이어1우B,0.41703679988378006,0.27047684391511867
이스타코,-16.130189831686028,-0.18819916314365776
대상우,-0.19554088756228283,-0.5706725466662468
SHD,0.9056675798889069,-0.30668421246744276
참엔지니어링,13.122173008323326,-0.9561499726236786
윌비스,-10.439821063259483,-1.140536956380154
녹십자홀딩스2우,0.49048210546353266,-0.5994440859154604
에이엔피,-4.588546423589346,1.2577253705682552
한국주강,-2.1959935902805867,0.07149228219602466
아센디오,-6.904496725043805,-2.3503894337942652
한진칼우,3.1750465713280533,-0.6006272885710418
LX하우시스우,-3.2872223281562913,0.0038359582373044196
하이트진로2우B,-2.0930680480830963,0.033374155133251975
넥센우,2.3484127155937253,0.09389160741042313
대한제당우,-1.1202812581018438,-0.6160283409628738
솔루스첨단소재2우B,-1.9885436807811279,-0.781954016930289
삼양사우,-0.0193197641963756,0.16925576435178652
NPC우,-2.4965457280185417,0.2876442911805932
JW중외제약2우B,-1.810944440573124,-0.2099389621204974
LX홀딩스1우,-0.3896557457172489,-0.3200221220466024
대상홀딩스우,-4.509022659963175,-1.18684124607324
코오롱글로벌우,-2.5283390767988174,0.22621834958515608
대덕1우,1.3114196075754863,-0.14932713546744236
태양금속우,-4.6396135221704355,-1.2556406722093383
유유제약1우,-0.9774659209641138,-0.6259899046580835
대원전선우,-2.8738958197678794,0.12339952604677377
덕성우,-4.61387484212656,-0.5738487927364936
한양증권우,0.889965147024002,0.50900205358115
JW중외제약우,-2.5067170288658436,-0.0636371048599837
SK증권우,0.8999049328402302,0.25041425598678313
성신양회우,-0.9135158441908675,-0.9109235178743402
노루홀딩스우,-0.6014979260327298,-0.355016597318623
크라운제과우,-1.8143794916650342,-0.288360014258858
코리아써키트2우B,0.8604490809506058,1.2071747372994448
노루페인트우,-1.1999272569554431,-0.33071320420235334
한화갤러리아우,-1.9133168687536366,-0.5735578465768134
하이트진로홀딩스우,-0.9325081937101769,0.19453292909260445
티와이홀딩스우,0.5804025229294667,-0.04782814206148138
금강공업우,-0.7317103953551904,0.5000615533298004
흥국화재우,-1.224283593989059,-1.0247479279594665
동원시스템즈우,-2.6598475553731564,0.4204432050378976
크라운해태홀딩스우,-0.8752541508938503,-0.8410535275193509
깨끗한나라우,-2.3266317339715474,-0.44629892621158074
남선알미우,-4.833316316747562,0.20497693926851746
유유제약2우B,-0.8292519441590289,-0.16053526124373446
동부건설우,-3.6196752054014674,-0.05508158760732752
계양전기우,-3.4674374308375766,-0.5394278357898546
진흥기업우B,-1.8663742695361538,0.40540473806752425
금호건설우,-3.7008417812538217,0.06631943266711027
태영건설우,0.43957989055683955,-1.4449739340894225
CJ씨푸드1우,-5.274591057648731,0.5039756480896596
동양우,-1.5192157942996518,1.1134765260835455
동양2우B,-2.0125586008573073,0.29740399969631004
서울식품우,-1.4575119354141304,-0.26823819598621806
성문전자우,-2.3016973328102646,-0.3706548661897741
진흥기업2우B,-4.215722604930452,-0.03648827956947861
