Company_Name,PCA1,PCA2,Cluster,Sector
삼성전자,0.4740484648006474,0.4198553109974988,1,반도체 및 관련장비
SK하이닉스,0.495327109965071,0.3358103134160101,1,반도체 및 관련장비
LG에너지솔루션,-0.1349661375428345,0.7596163020870945,3,전자 장비 및 기기
삼성바이오로직스,0.4089011549305435,-0.0464682625830394,1,바이오
삼성전자우,0.4747549258141059,0.4186102490412631,1,기타
현대차,0.1646149597502123,0.741122240155782,3,자동차
두산에너빌리티,0.5666469546003114,0.0526456536521798,1,기계
HD현대중공업,0.5573323176257896,0.1257134275686923,1,조선
KB금융,0.5194646265992799,0.1926345043592449,1,상업은행
한화에어로스페이스,0.5546079324597752,-0.1653408699090816,1,상업서비스
기아,0.2269829109032355,0.6496630451501747,3,자동차
셀트리온,-0.6230310934405419,0.6702115611906528,3,바이오
SK스퀘어,0.5290818731684197,0.2461898256650274,1,복합 산업
삼성물산,0.5391130647895175,0.2269940042074165,1,복합 산업
NAVER,0.4396658449623091,0.2070005146991135,1,인터넷 서비스
신한지주,0.53332498091275,0.238414434594535,1,상업은행
한화오션,0.5522679646723909,-0.0686074719605985,1,조선
한국전력,0.5644268380853967,0.1161051767485523,1,전력
삼성생명,0.4557063857791211,0.3789710225452529,1,보험
HD한국조선해양,0.5276060745034425,0.2280018140418825,1,조선
HD현대일렉트릭,0.2475684382515328,0.6981545788756537,3,전기장비
현대모비스,0.5205303192693236,0.1426503245969295,1,자동차부품
LG화학,0.1541122601720932,0.7138982258310826,3,화학
카카오,0.5266417651596917,0.1340214417897519,1,인터넷 서비스
하나금융지주,0.5578813281397763,0.0910871174532722,1,상업은행
POSCO홀딩스,0.4513603467285331,0.0883790670321252,1,금속 및 광물
삼성SDI,-0.8628004401231417,0.8382287929899499,3,전자 장비 및 기기
고려아연,-0.7432965839469092,0.8292935001872581,3,금속 및 광물
삼성화재,0.5542681746030171,0.0760658516892934,1,보험
삼성중공업,0.5588923804841344,0.1490115429625293,1,조선
현대로템,0.5709828911687524,-0.0765676952054248,1,운송인프라
SK이노베이션,-0.4607828098313201,0.3906083539139411,3,석유 및 가스
우리금융지주,0.5642979553905032,0.1048845144512707,1,상업은행
삼성전기,0.4261108692553385,0.4679169590585403,1,전자 장비 및 기기
메리츠금융지주,0.4310087294815494,-0.2738634015697546,1,증권
효성중공업,0.5359993454455134,0.275041561591963,1,전기장비
SK,0.527231880705268,0.225573228467236,1,석유 및 가스
포스코퓨처엠,-0.0410872459314154,0.7559279622171188,3,화학
HMM,0.4846170971831734,-0.2832909927587383,1,해상운수
KT&G,0.5402736173778846,0.1550621733805605,1,담배
기업은행,0.5583058023172396,0.0843774713607928,1,상업은행
HD현대,0.4579949406905122,0.4227131171916746,1,석유 및 가스
두산,0.548174525390384,0.147015307377989,1,복합 산업
LS ELECTRIC,0.5184325269671726,0.1742015666005721,1,전기장비
LG전자,-0.9552133497115978,0.7526880694100865,3,내구소비재
삼성에스디에스,0.4679590111735561,0.2262795873707888,1,IT 서비스
미래에셋증권,0.5633861477222595,0.0672902777980896,1,증권
KT,0.5312782376786374,-0.2338342959436518,1,무선통신
하이브,0.5467084963810664,-0.1108886953703416,1,미디어
LG,0.3179678536425396,0.3699244667751097,1,복합 산업
현대글로비스,0.2083725134758711,0.6123645885180786,3,육상운수
크래프톤,-0.2661843062562408,-0.9191969861507894,2,게임 소프트웨어
한미반도체,0.0725165409360605,0.5535664034241748,3,반도체 및 관련장비
SK텔레콤,-0.0786636356354688,0.0462307127664101,2,무선통신
SK바이오팜,-0.7396470081176472,0.6555173050380909,3,제약
삼양식품,0.5640531284822874,-0.007290076182032,1,식료품
이수페타시스,0.54200402438737,0.2180501156654256,1,전자 장비 및 기기
한국항공우주,0.5638068229537339,-0.0576495175421834,1,상업서비스
카카오뱅크,0.3802297903576401,-0.3397801640657234,1,상업은행
에이피알,0.565920902471382,0.1202751927397941,1,개인생활용품
포스코인터내셔널,0.5119664567247078,-0.1579665413966539,1,무역
유한양행,-0.771662761897213,0.3525239637366679,0,제약
한국금융지주,0.5548944106471714,0.122622073122088,1,증권
DB손해보험,0.4323431801668843,0.3129924388095869,1,보험
HD현대미포,0.459323930703636,0.2358252282752486,1,조선
한화시스템,0.5614633789343106,-0.122638947927391,1,상업서비스
HD현대마린솔루션,0.4881498657725412,0.2381923246965336,1,조선
S-Oil,0.3449245068638116,0.4315226347988089,1,석유 및 가스
LIG넥스원,0.5248536551238334,-0.071338465474252,1,상업서비스
대한항공,-0.8300973044603749,0.1289137583291278,0,항공운수
NH투자증권,0.5491442084096301,0.0778190881922832,1,증권
한국타이어앤테크놀로지,0.4289440910276812,0.2507642396845752,1,자동차부품
아모레퍼시픽,0.4814276495877682,-0.2393355599341781,1,개인생활용품
현대건설,0.5583845704196504,-0.1171571132686694,1,건설
키움증권,0.5494574743225673,0.1737840276544446,1,증권
삼성증권,0.5560362153417333,0.0976279665120807,1,증권
현대차2우B,0.389245251168977,0.5175674849106772,1,기타
카카오페이,0.5144260929279192,-0.0337259922393245,1,소비자 금융
한진칼,0.4999108808039654,-0.2093313685925125,1,항공운수
LG유플러스,0.5633099582348315,0.0882233842583181,1,무선통신
코웨이,0.5319351182323058,-0.1836749765271258,1,내구소비재
삼성카드,0.5604763077661752,0.0084818472435543,1,소비자 금융
LG디스플레이,0.3189449562968572,0.5978592232148197,3,디스플레이 및 관련부품
한화,0.5652862893489468,-0.0740642348663127,1,복합 산업
LS,0.5613378226426442,-0.0002307189152611,1,전기장비
LG이노텍,0.1386787966391742,0.7322968479601116,3,전자 장비 및 기기
한미약품,0.1574910412006747,0.7052345539643623,3,제약
두산밥캣,0.5406774091179325,0.0452990419026184,1,기계
CJ,0.5686570319485418,0.0349772835603522,1,복합 산업
GS,0.5167903809831846,0.1628824738808912,1,석유 및 가스
현대오토에버,0.3927355144206187,0.356032102609034,1,IT 서비스
삼성E&A,0.5615252150194321,0.0658593221860067,1,건설
엘앤에프,-0.497894601642149,0.8233981580163401,3,전자 장비 및 기기
한화솔루션,0.531919657730503,-0.2102078691113059,1,에너지 시설 및 서비스
두산로보틱스,-0.7783646680585723,0.7977994843235283,3,기계
BNK금융지주,0.5134563184788901,0.2014840491025744,1,상업은행
JB금융지주,0.5538711201037303,0.0411958738731934,1,상업은행
엔씨소프트,-0.0118077508581821,0.6953452318009913,3,게임 소프트웨어
넷마블,0.0706472771035109,0.3227804552051321,3,게임 소프트웨어
현대차우,0.415775731378916,0.4888926437882667,1,기타
LG생활건강,-0.2722771036962322,-0.8024888200398966,2,개인생활용품
SKC,-0.6346222064030621,0.10626916782879,0,화학
오리온,0.2831633241754065,-0.5738872933673823,2,식료품
대한전선,0.4755557824006236,0.3194273990575332,1,전기장비
영원무역,0.5527516563366501,0.0433431758064888,1,섬유 및 의복
SK바이오사이언스,-0.5825929178924051,0.7729043637952385,3,제약
에코프로머티,-0.99219164893947,0.2542773335021523,0,전자 장비 및 기기
현대제철,0.5494680309623745,-0.0474987172743055,1,금속 및 광물
한국가스공사,0.5127401498247603,-0.0568772243820952,1,가스
포스코DX,0.4567878211579757,-0.1797464541641643,1,IT 서비스
강원랜드,0.5115649527546375,-0.086416081359125,1,호텔 및 레저
한화엔진,0.5520096760983237,0.1155216410707383,1,조선
KCC,0.5580095005621748,0.1114711935404814,1,건축자재
한전기술,0.5290677403244697,0.0371875277219034,1,에너지 시설 및 서비스
롯데케미칼,0.4464766378377777,0.14293572728101,1,화학
현대엘리베이터,0.5574799198308062,-0.0929196885464736,1,기계
CJ제일제당,-0.8060576744552964,-0.3481355580839896,0,식료품
금호석유화학,0.4697700724807979,-0.302537877530788,1,화학
롯데지주,0.55272045434217,0.0188480899455156,1,복합 산업
에스원,0.5591716676709793,0.0513543137612114,1,상업서비스
더존비즈온,0.3556409797252211,0.4241878323131884,1,일반 소프트웨어
풍산,0.5274311587358063,0.0356686288009037,1,금속 및 광물
DB하이텍,0.5386005141117616,0.0754061654558747,1,반도체 및 관련장비
HD현대마린엔진,0.5434008060081343,0.2082286526256068,1,조선
HD현대인프라코어,0.551383831521427,0.0969784466912721,1,기계
동서,-0.0952035669664351,0.2986756644094775,3,식료품
농심,0.3385504348700495,0.229572526519387,1,식료품
F&F,0.4362989225082135,-0.3446598931104302,1,섬유 및 의복
한솔케미칼,0.562559750751165,0.120577082879431,1,화학
현대해상,0.0153327164015307,0.6593691322104727,3,보험
한국앤컴퍼니,0.4616134014642626,0.3587359687921894,1,자동차부품
일진전기,0.3505614535347152,0.5039728323118946,1,전기장비
한화생명,0.5029967218719729,-0.0532496304255145,1,보험
제일기획,0.5432004726871602,0.0959120397525845,1,미디어
한미사이언스,0.4614755520268855,0.059137027588861,1,제약
미스토홀딩스,-0.647002872573015,0.7750128880983169,3,섬유 및 의복
한온시스템,-1.1785260668834865,0.3613167902508988,0,자동차부품
대덕전자,0.4151177808698551,0.4919842950374176,1,전자 장비 및 기기
영원무역홀딩스,0.5667343417068289,0.0753926173299066,1,섬유 및 의복
한전KPS,0.328080514728105,0.2101237161563288,1,전력
한올바이오파마,-1.1062249149872454,0.6604289238605261,0,제약
iM금융지주,0.5674750993210407,0.0095340403685101,1,상업은행
신영증권,0.5558269773013209,0.0847255383096407,1,증권
SK아이이테크놀로지,0.4418114112442718,0.2011373268942204,1,전자 장비 및 기기
SK가스,0.4836350797321725,-0.1049477350170403,1,석유 및 가스
효성,0.526250312596811,0.3044631076459382,1,복합 산업
아모레퍼시픽홀딩스,0.4992686108255744,-0.0634058051431144,1,개인생활용품
코리안리,0.5477504147043852,0.1334030814891173,1,보험
두산우,0.5625073143322363,0.0514929886950557,1,기타
이마트,0.4659227420220398,-0.404946055617204,1,도소매
롯데에너지머티리얼즈,0.1530130056346275,0.4030099737555224,3,전자 장비 및 기기
CJ대한통운,0.02101062106192,-0.0643564758696871,2,육상운수
신세계,0.5587402613600947,-0.0174822553489171,1,백화점
대웅제약,0.3843498573741454,-0.0057256988711463,1,제약
두산퓨얼셀,0.4453683090041923,0.4534035335710206,1,전자 장비 및 기기
현대백화점,0.5735673890421029,-0.000955193520775,1,백화점
롯데쇼핑,0.5377757075677494,-0.2377603844996183,1,도소매
팬오션,0.4896749522179019,-0.0791671181313598,1,해상운수
HL만도,-1.2949748587236785,0.2744609182178842,0,자동차부품
동원산업,0.5250079609221034,-0.0292362149868951,1,식료품
OCI홀딩스,0.5106409269297973,0.1011145679011934,1,화학
HJ중공업,0.4589837470792158,0.37969287880954,1,건설
BGF리테일,0.4653790027014435,-0.2369225938824414,1,도소매
코스맥스,0.4928011967842079,-0.2767488900774933,1,개인생활용품
에스엘,0.4138551214614321,0.0426745143170718,1,자동차부품
호텔신라,0.5403701055948229,-0.0945193064129203,1,도소매
GS리테일,-0.3289055520239821,0.7958261623435806,3,도소매
씨에스윈드,-0.196165705714193,0.1073081293818879,3,에너지 시설 및 서비스
아시아나항공,-1.3250494951411178,-0.2342278249952401,0,항공운수
GS건설,0.3789275011784819,-0.2399999666598587,1,건설
HD현대건설기계,0.5231176932734389,0.1484685979581201,1,기계
미래에셋생명,0.4346694556738887,0.443700162481915,1,보험
다우기술,0.5661361404168204,0.0448152380945099,1,증권
금호타이어,-0.1899619215771578,0.4120920351403276,3,자동차부품
현대위아,0.5541630865261891,0.1055565614679235,1,자동차부품
녹십자,-1.296473569858063,0.3505348635322975,0,제약
롯데관광개발,0.5605891840344766,0.0936363407372825,1,호텔 및 레저
DL이앤씨,0.4975180480258689,-0.3429860327336224,1,건설
오뚜기,0.3369289063700927,-0.2859087805355188,1,식료품
SK리츠,0.5082661516649736,0.041523996823733,1,부동산
코스모신소재,-1.0653303896066977,0.6023142800830367,0,화학
파라다이스,0.5500904733085124,0.0583368984366346,1,호텔 및 레저
한국콜마,0.4842914870215907,-0.3153545456423527,1,개인생활용품
LG화학우,-0.7495029651280789,0.874589576652991,3,기타
대우건설,0.4635861967190532,-0.2792319245980324,1,건설
한국카본,0.5698441946855717,0.0362687323483144,1,화학
SNT다이내믹스,0.5618188004830849,-0.0757156279404714,1,자동차부품
DN오토모티브,0.5304585185916504,-0.1178919190959074,1,자동차부품
대신증권,0.5599322719735123,0.0727310324820706,1,증권
대웅,0.1348099430687401,0.1520021458285949,1,제약
미래에셋증권2우B,0.5557280185922786,0.127499767200085,1,기타
STX엔진,0.4205742429693491,0.2539511530984284,1,조선
하이트진로,-0.3561581119816238,-0.42552581876545,2,음료
HDC현대산업개발,0.4243106819780738,-0.4652213088474626,1,건설
한일시멘트,0.5436416266231419,-0.1512227218218154,1,건축소재
현대지에프홀딩스,0.5478434669595187,-0.0072115165288958,1,복합 산업
지역난방공사,0.5714781274528844,0.02588984069881,1,전력
오리온홀딩스,0.5382443801530952,-0.1412576528774974,1,식료품
가온전선,-0.1689058502690704,0.3501034135606456,3,전기장비
SK케미칼,0.4493398382407866,0.2204972528751887,1,화학
영풍,0.3047619307547134,0.3041668567768503,1,휴대폰 및 관련부품
LX인터내셔널,0.5230110730918673,0.0491957604656427,1,무역
종근당,-1.189467498962116,0.3759680204494941,0,제약
롯데렌탈,0.325534031617388,-0.1852809999355082,1,호텔 및 레저
SK오션플랜트,0.5269277941334001,0.0680830397635506,1,에너지 시설 및 서비스
롯데리츠,0.5723957237633712,-0.0136393338441628,1,부동산
삼성화재우,0.5609444607699703,0.0903406467132893,1,기타
롯데정밀화학,0.3108707299653807,0.5219129852712159,3,화학
더블유게임즈,0.0387158917476272,-0.2005375623567392,2,게임 소프트웨어
에스디바이오센서,-1.0166034071336194,0.0129634785823114,0,의료 장비 및 서비스
SK디스커버리,0.53476190497792,0.1104069061772524,1,석유 및 가스
롯데웰푸드,0.4930927375154746,-0.190613091124124,1,식료품
코오롱인더,0.5197498729051402,-0.0283514828017139,1,화학
NHN,0.5464016959058982,0.0369308680182576,1,IT 서비스
ESR켄달스퀘어리츠,0.2578270318905423,-0.2829676280269309,1,부동산
LS에코에너지,0.3422877325373197,0.09650016608384,1,전기장비
한화투자증권,0.4778361962562761,0.0528376856113214,1,증권
동양생명,0.5457771317041527,-0.0680894826469454,1,보험
롯데칠성,0.4228426985033055,0.055652323508977,1,음료
한샘,-1.1271124182573171,0.454611277093428,0,내구소비재
HDC,0.5304144596043356,-0.2445285347263172,1,건설
세진중공업,0.4559070740107886,0.4019534831652479,1,조선
교보증권,0.5666331006856871,0.023858733271481,1,증권
NICE평가정보,0.5181610807504908,-0.0409294848392587,1,상업서비스
파미셀,0.5310775198226112,0.0625579050760842,1,바이오
쿠쿠홀딩스,0.5016268168716556,0.0052292557754888,1,내구소비재
SK네트웍스,0.5268045541593611,0.0881375975750474,1,복합 산업
세아베스틸지주,0.4654833686623678,0.1343564378898278,1,금속 및 광물
효성티앤씨,-0.4661563624689142,-0.4635061386013016,2,섬유 및 의복
대한유화,0.4861984684406967,0.2198352680445702,1,화학
CJ CGV,-1.0370682920404892,0.4732683859258367,0,미디어
일동제약,0.4653119327614141,0.4083298021563734,1,제약
HS효성첨단소재,0.4055939215762336,-0.1780360083314369,1,화학
태광산업,0.5003734323140483,-0.2477177631506057,1,화학
SNT홀딩스,0.5695632369484929,-0.0005548847925597,1,자동차부품
GKL,0.523005505032363,0.0410636693958305,1,호텔 및 레저
후성,0.1860239835768077,0.7123026729824316,3,화학
세방전지,-1.1160928841459437,-0.2580618376675168,0,자동차부품
해성디에스,0.2275610039674884,0.4979732439260267,3,반도체 및 관련장비
LX세미콘,-0.0760196106927047,-0.4046014280571287,2,반도체 및 관련장비
경동나비엔,-1.2359458951938849,0.0164765701832952,0,내구소비재
DL,0.4489020252548577,-0.1907649885595418,1,화학
아세아,0.5545070754990213,0.185410605390275,1,건축소재
SNT모티브,0.5581096469675522,-0.1039129159394894,1,자동차부품
LG전자우,-0.4980055203041349,0.8636386141497043,3,기타
솔루엠,-1.2762019423389288,0.4520291343794014,0,전자 장비 및 기기
케이씨텍,0.3160824359604462,0.2987373359433903,1,반도체 및 관련장비
F&F홀딩스,0.5227170720615197,0.1077892360287357,1,섬유 및 의복
케이카,0.5541481457214861,0.0425365500441677,1,자동차
SNT에너지,0.5500903421249306,-0.0498246181049872,1,에너지 시설 및 서비스
동원시스템즈,-1.4033749119308008,0.0295057259812109,0,용기 및 포장
신풍제약,0.0082579833915379,0.5704447741126623,3,제약
TKG휴켐스,-0.3791727964722217,0.8176772701523463,3,화학
녹십자홀딩스,-0.8281200866639113,0.5459946650964927,3,제약
한국금융지주우,0.5626681748485394,0.1429237259671414,1,기타
유안타증권,0.5492153687391417,0.0397029252506439,1,증권
보령,-1.368749113142434,0.2400862140831985,0,제약
코리아써키트,0.4408028828653008,0.3794526240657735,1,전자 장비 및 기기
동아쏘시오홀딩스,0.2764969028350947,0.1201794483612459,1,제약
한화리츠,0.5699363967873425,-0.0583701094516484,1,부동산
프레스티지바이오파마,-1.1199353806362584,-0.0217434418953515,0,제약
하나투어,-0.7279798993708111,-0.5130307106791863,2,호텔 및 레저
이노션,-0.0733511058993538,-0.1430757513552401,2,미디어
율촌화학,0.4895508279246411,-0.1553323823869527,1,용기 및 포장
대상,0.4558962588284582,-0.3794983730146852,1,식료품
넥센타이어,0.0320060240896879,0.5049362937793337,3,자동차부품
한화3우B,0.5630396687354602,0.0009144649402411,1,기타
코오롱모빌리티그룹,0.2873217338275721,0.599978385744258,3,자동차
빙그레,-1.3484218682114866,-0.111338634609651,0,식료품
신한알파리츠,-0.3071435117312335,-0.3082004543450093,2,부동산
미원상사,-1.3048770902140552,-0.3047907006864028,0,화학
미원에스씨,-0.8260218021659261,-0.4957965623818636,0,화학
CJ4우(전환),0.5726533765616677,0.0554567656237821,1,기타
현대홈쇼핑,0.552906002987652,-0.1403144353023412,1,온라인쇼핑
KG모빌리티,-1.373148387475662,0.1069935787742467,0,자동차
코스모화학,0.0927114150549469,0.0954957695845051,1,화학
코오롱,0.5663574106667943,-0.0186292423598734,1,복합 산업
금양,-1.3782838255416336,0.2292228678255627,0,화학
부국증권,0.52250919692325,0.2506246664599991,1,증권
한화손해보험,0.4806595329433573,0.0857692641310515,1,보험
한국단자,-0.9796784012429268,-0.1654650564554146,0,자동차부품
카프로,-0.4189561142553805,0.0126353348781912,2,화학
비에이치,-0.9409995228162118,0.7476342928569644,3,전자 장비 및 기기
디아이,0.1049805350370772,0.5032361934726267,3,반도체 및 관련장비
LX홀딩스,0.4536966837399166,-0.0170613639257057,1,복합 산업
HD현대에너지솔루션,0.5630947211142219,0.004485353127653,1,에너지 시설 및 서비스
한국쉘석유,0.5456103417961697,0.0499054750056357,1,화학
JW중외제약,-1.0744488348092638,0.5086462857602808,0,제약
제이알글로벌리츠,-0.0026000498403137,0.6980950922881677,3,부동산
솔루스첨단소재,-0.1113300704217116,0.0450086666628223,2,전자 장비 및 기기
E1,0.3810549622903527,0.1734193262947405,1,석유 및 가스
신대양제지,0.5562696945699652,0.0113533201184387,1,종이 및 목재
세아제강지주,-0.1723071893015094,-0.8892659090941181,2,금속 및 광물
바이오노트,0.4894579932809672,0.2758800875010341,1,의료 장비 및 서비스
대한해운,-0.1818076524305451,0.4644936244813666,3,해상운수
덴티움,-1.0695308517338116,-0.5617446259914672,0,의료 장비 및 서비스
롯데손해보험,-1.1953156137238892,0.4552753000756152,0,보험
쿠쿠홈시스,0.5037498980080004,-0.1241465563959172,1,내구소비재
한세실업,-1.3175125019017393,0.3083106547948712,0,섬유 및 의복
KG스틸,0.2007467915626284,-0.569354540762163,2,금속 및 광물
대신증권우,0.5639819290110593,0.0506289157493302,1,기타
아이에스동서,-0.957199344655796,0.0826919802399789,0,건설
삼양사,0.2250234422870347,0.1638781175599416,1,식료품
풍산홀딩스,0.5290917370455761,-0.0526197230071128,1,금속 및 광물
일진하이솔루스,-0.56325602319846,0.681112579443155,3,자동차부품
NICE,0.5542352862510704,0.1209765539790794,1,IT 서비스
현대그린푸드,0.4909502952545491,-0.1847468514823117,1,식료품
LF,0.4826942151596448,0.1027983243516869,1,섬유 및 의복
풀무원,0.4041402118875261,-0.2898247731489083,1,식료품
퍼시스,0.5264169502096596,-0.0748310148269367,1,내구소비재
현대차증권,0.0359619294368829,0.5191874496523716,3,증권
한일홀딩스,0.5017977525601902,-0.062576686572962,1,건축소재
동아에스티,-1.273755981400137,0.3756457992658937,0,제약
애경케미칼,0.5320743142224522,-0.076493845032105,1,화학
아모레퍼시픽우,0.5469704127431656,-0.1129460982773455,1,기타
삼천리,0.5200616531681506,-0.0062248360314145,1,가스
고려제강,-0.9077630501231072,0.3045457072861887,0,금속 및 광물
태영건설,-0.9580619778268068,-0.7095102609691695,0,건설
PI첨단소재,-0.2022886777442978,-0.1082995679325284,2,화학
엠씨넥스,0.5521252337273617,-0.0989341473216459,1,휴대폰 및 관련부품
드림텍,-1.327401769541885,0.3528181627163043,0,휴대폰 및 관련부품
신도리코,0.495892770471765,-0.181564807840864,1,사무기기
삼양홀딩스,0.3895477392663148,0.2827877898818339,1,화학
세아홀딩스,0.4962062012753203,0.1022415406548652,1,금속 및 광물
제주은행,0.4933122376919829,0.0904025572585566,1,상업은행
조광피혁,0.4141161714150737,0.2076431081712425,1,섬유 및 의복
현대차3우B,0.4223385576126169,0.4813955205164514,1,기타
스틱인베스트먼트,0.4352428757639492,-0.0296033156903353,1,창업투자 및 종금
명신산업,-1.2761425633745338,0.3819483429051091,0,자동차부품
아세아시멘트,0.5141288698071576,0.0163085329543044,1,건축소재
농심홀딩스,0.5258522627396451,0.195318250724393,1,식료품
유니드,0.1775007609309898,-0.6715424766603244,2,화학
티웨이항공,-0.8435104971893528,0.1224399793147559,0,항공운수
DB증권,0.5667401087685988,0.0766669953515409,1,증권
SPC삼립,-0.0018886651591144,-0.5172978218582088,2,식료품
코람코라이프인프라리츠,0.5362048890900462,-0.1533652197364675,1,부동산
KCC글라스,-1.3528871422884203,-0.0434294195344213,0,건축자재
제주항공,-1.215308961787293,-0.3891634017586966,0,항공운수
두산2우B,0.5559822591830363,0.0018576557147185,1,기타
삼성FN리츠,-0.6754031222996766,0.3363341071723271,3,부동산
TCC스틸,-1.3807708598587372,0.1017002492003624,0,금속 및 광물
HL홀딩스,0.5600284933835871,-0.0589800118779484,1,자동차부품
자화전자,0.4815558886793177,0.25446565150094,1,통신장비
YG PLUS,0.5424040609859062,-0.1553504666308423,1,미디어
부광약품,-1.348295017300675,0.091223977550357,0,제약
흥아해운,0.1381543154672328,-0.1846868537724726,1,해상운수
쏘카,-1.405668865594085,0.0546767326238229,0,호텔 및 레저
BGF,0.5108520553875744,-0.0941145404031362,1,화학
대한제강,-0.9624357054830164,-0.155445797964325,0,금속 및 광물
KB스타리츠,0.2688562083063646,0.1541657220134759,1,부동산
KISCO홀딩스,0.5164814304492018,0.1344175683241275,1,금속 및 광물
KG케미칼,0.5361630574940945,0.1563206568106906,1,자동차
한전산업,0.4799746725867491,-0.2131214892937868,1,에너지 시설 및 서비스
한국철강,0.533580193640272,0.188140497486403,1,금속 및 광물
애경산업,0.5152058596316302,-0.2470061577007405,1,개인생활용품
DI동일,-1.2674971300506788,-0.360275348967732,0,섬유 및 의복
신세계인터내셔날,0.3255052590630469,-0.3009157239235513,1,섬유 및 의복
INVENI,0.5403595784821267,0.149309007928905,1,가스
NH투자증권우,0.5650820085923003,0.0505630134042656,1,기타
영진약품,0.1298092286785028,-0.4383230764237958,2,제약
SBS,-0.8621971642123272,-0.1950246062715367,0,미디어
콜마홀딩스,0.5343385913191587,-0.1788940651115635,1,개인생활용품
일진홀딩스,0.5016312888084637,0.2953170750240335,1,전기장비
한섬,0.448943840855479,-0.3200977001399837,1,섬유 및 의복
삼성전기우,0.4109061190580326,0.5084473512822794,1,기타
대덕,0.5619259527912648,0.0770163709042102,1,전자 장비 및 기기
진에어,-1.2906877931127927,-0.3481056206102739,0,항공운수
DS단석,-1.3112922540850398,-0.1783070327029183,0,화학
대상홀딩스,-0.4254876570905065,-0.6315019193649558,2,식료품
현대퓨처넷,-1.2652701932547994,0.3219841167675135,0,개인생활용품
사조대림,-0.6004609187635939,-0.2374234477404016,2,식료품
유진투자증권,0.5433109770086546,0.0509405467424327,1,증권
삼아알미늄,-1.332297977969518,0.2911690554464422,0,금속 및 광물
세아제강,0.2713329520810111,-0.6180322325116998,2,금속 및 광물
한국토지신탁,0.5318707503700262,0.1710842387416546,1,부동산
신성이엔지,0.5406391627367624,0.1158175857047053,1,반도체 및 관련장비
케이씨,0.5587438190806766,0.0564361645739581,1,반도체 및 관련장비
SGC에너지,-0.9448886565019184,0.0315933245140965,0,에너지 시설 및 서비스
서연이화,-0.47603223355798,-0.037947188576196,2,자동차부품
우진,0.5430781543213465,0.1920855443721831,1,기계
제이에스코퍼레이션,0.5223183272496585,-0.054226509958035,1,섬유 및 의복
남해화학,0.42507598198579,-0.3547508232716119,1,화학
삼화콘덴서,0.0151028876433919,0.5888579889480092,3,전기장비
SIMPAC,0.5109264989940916,-0.0389997084940228,1,금속 및 광물
서울가스,0.5163507930130922,0.190743910374003,1,가스
유나이티드제약,0.4410797375635436,-0.3764655267946802,1,제약
SK증권,0.5217316567184211,0.1134268485277877,1,증권
광동제약,0.363529000557905,0.1234019852056255,1,제약
디앤디플랫폼리츠,0.556823168582858,0.0631320047959901,1,부동산
일성아이에스,0.5192603834057521,0.09348649846689,1,제약
이지스밸류플러스리츠,0.1205343739498837,-0.4377521196588998,2,부동산
남양유업,-0.2333456126994023,-0.8840911686432781,2,식료품
이리츠코크렙,0.558874294196581,0.051141629004777,1,부동산
엘브이엠씨홀딩스,0.3507857551165025,-0.4672383650986385,1,자동차
넥센,0.506075954996166,-0.0988643536232616,1,자동차부품
KPX홀딩스,0.5624499478467839,-0.0106635356638596,1,화학
한국자산신탁,-1.288135890085237,0.1555238337387557,0,부동산
아세아제지,0.2767202337933477,-0.0517866071812914,1,종이 및 목재
모토닉,0.5584393925362443,-0.089834654547515,1,자동차부품
한진,0.4080779867404937,-0.0611959709863558,1,육상운수
화승엔터프라이즈,-1.2442306201368714,-0.4160445118829981,0,섬유 및 의복
대원전선,-0.2828239796458788,0.5213401700172339,3,전기장비
롯데이노베이트,0.3385557287290574,-0.0254204792635338,1,IT 서비스
수산인더스트리,0.4003959418019141,-0.2543046103562774,1,에너지 시설 및 서비스
현대코퍼레이션,0.4006938149825496,-0.4287929423378092,1,무역
삼성SDI우,-0.7813056740290096,0.8745431047648788,3,기타
국도화학,0.4376724948034516,-0.1138319000895126,1,화학
삼영무역,0.5322956521742799,-0.0603922365226051,1,화학
코오롱ENP,0.5531591742382687,0.0863316197207047,1,화학
DB,0.3477043686953012,0.2369506605572916,1,IT 서비스
노루홀딩스,0.534745628991812,0.0752335423967761,1,건축자재
삼진제약,0.4381381905351777,0.268322338245596,1,제약
코람코더원리츠,0.558324492583002,0.1619036603673685,1,부동산
디아이씨,0.3955285341339901,0.1099967709388592,1,자동차부품
대원제약,-1.3794802918906506,0.0049777648402291,0,제약
TYM,0.5065050396711086,0.1516138969711925,1,기계
화신,0.5164813070240115,-0.181709222633921,1,자동차부품
LX하우시스,-1.016776570145996,-0.0184117346074702,0,건축자재
일신방직,0.5472675876661699,0.0616332579481317,1,섬유 및 의복
PKC,-1.3399579380088606,0.1613604094652656,0,화학
백산,0.3503431629010126,-0.4565098185399151,1,섬유 및 의복
JW홀딩스,0.4518130682627708,-0.0904795246530261,1,제약
아이마켓코리아,0.4204116802816786,-0.0041261502378201,1,온라인쇼핑
서흥,0.5356939825481593,0.1411876969771645,1,제약
지누스,-1.3612432600648543,0.001482133839035,0,내구소비재
세방,0.5054720493217097,-0.0795771855104499,1,육상운수
천일고속,0.1728114278058486,0.1285485598134841,1,육상운수
대한제당,0.3342562386330814,-0.3404373691256459,1,식료품
스카이라이프,0.2924965894791274,0.4501493094165691,1,미디어
KPX케미칼,0.5068969238295835,0.1333533758455168,1,화학
대동,-0.2368090034156136,-0.5618322437278854,2,기계
BYC,0.454743173337586,0.1705772016782283,1,섬유 및 의복
일양약품,0.2479392861835948,0.1516515576935684,1,제약
에이블씨엔씨,0.408130407950717,0.3341814474437233,1,개인생활용품
잇츠한불,0.4416344726885686,-0.3603200291129715,1,개인생활용품
LS네트웍스,0.4141157624686244,-0.3228938722033805,1,증권
사조산업,0.4836484781438683,-0.0225236347488809,1,식료품
HS효성,0.5472778994226861,-0.0077562798433304,1,복합 산업
LG생활건강우,-1.1818566972859608,-0.0262052616047465,0,기타
광주신세계,0.5061743179772356,0.0355013763623335,1,백화점
종근당홀딩스,-0.1473050274538301,-0.0869465127642409,2,제약
삼영,0.434975695617902,0.2539010205795943,1,화학
이수화학,-0.0963745630716108,0.5754386358273839,3,화학
흥국화재,0.287946829936643,-0.0207398234364197,1,보험
대한제분,0.4882013739260417,-0.1267174360822694,1,식료품
한양증권,0.5446381164630556,0.0830078083389269,1,증권
JW생명과학,0.4949598405975309,0.2190154341707071,1,제약
성신양회,0.5259557179885883,-0.001832469276568,1,건축소재
한농화성,0.3378395291764702,-0.2363377825116095,1,화학
SK디앤디,0.5626566512668916,0.0979269275643333,1,부동산
동성케미컬,0.5083688207079908,-0.0283764899715778,1,화학
대원강업,0.0320086062737092,0.3151314104975999,3,자동차부품
동국홀딩스,0.3782931710469068,-0.205825253417408,1,금속 및 광물
하이트진로홀딩스,0.2627324647465649,0.1779563820073804,1,음료
SJG세종,0.4446175242046572,0.4465316379898439,1,자동차부품
방림,-0.1685301839172297,0.8336485942011339,3,섬유 및 의복
CR홀딩스,-1.2956217888405497,0.0650575430572669,0,금속 및 광물
무학,0.56269824951185,0.0606405635844853,1,음료
한국화장품제조,0.1807812725999374,0.0085824540523395,1,개인생활용품
이연제약,-1.3290005617664302,0.1812883744354652,0,제약
신세계 I&C,0.0706482916311285,0.2710728696103792,3,IT 서비스
에스엠벡셀,0.2884675159091523,0.5796608483521065,3,자동차부품
포스코스틸리온,0.5106314613448275,-0.2683090187924391,1,금속 및 광물
휴스틸,0.2642025503390826,-0.573593949688377,2,금속 및 광물
에이프로젠,-1.3395709180057578,0.0596706296429675,0,제약
삼일제약,-1.3895180528808635,0.0590052130967017,0,제약
대성에너지,-1.009456015277271,0.337721237578986,0,가스
교촌에프앤비,-0.4984214259424674,-0.8408121387264368,2,식료품
KSS해운,0.457371331574982,-0.213957498890168,1,해상운수
서연,0.5078872544676329,-0.0647466355565213,1,자동차부품
선진,0.5146350861456099,0.0167050186685525,1,식료품
송원산업,-0.2242207108354225,-0.853407612166644,2,화학
삼성물산우B,0.5329230726043088,0.186610618632925,1,기타
웅진,0.5463809533730377,0.1186656143793674,1,미디어
HDC랩스,0.3324706962341885,-0.4004344770747162,1,건설
삼양패키징,-1.3304102826556,0.3499847532806293,0,용기 및 포장
다올투자증권,0.4399546463396366,0.0022688613270529,1,증권
도화엔지니어링,-0.6832469900203342,-0.6435024284043891,2,건설
화승인더,-0.5692369975338633,-0.8377811842919287,2,섬유 및 의복
동아지질,0.4863421334899635,-0.1660647262191182,1,건설
환인제약,-0.971775579585491,-0.1439133956723875,0,제약
제일약품,0.5096812610080772,0.0290304276106415,1,제약
삼익THK,-0.345690092513666,-0.188625548000411,2,기계
신한서부티엔디리츠,0.0913292144291009,0.2604188796910819,3,부동산
AJ네트웍스,-0.7211898351419387,0.7568269342249546,3,운송인프라
대성산업,0.3458778635432863,0.016579477008333,1,석유 및 가스
삼영전자,0.4393743518343515,-0.2833416356466897,1,전기장비
한화갤러리아,0.0253231112527475,-0.6895439569564825,2,백화점
CJ우,0.5691471476841794,0.0231580828419368,1,기타
하나제약,0.4806730739729948,-0.0942133153825461,1,제약
LG우,0.4662893614538544,0.3213370985702156,1,기타
에어부산,-1.3179829450994265,-0.215075125589301,0,항공운수
한솔제지,0.314710689225074,-0.0998597429060078,1,종이 및 목재
동양,-0.3889843826388655,0.8386256975639075,3,건축소재
대신증권2우B,0.5690592053245471,0.0460909693933402,1,기타
미원화학,0.4437772076561122,0.4181736965641751,1,화학
삼화전기,-0.5708771792954777,0.2812766073899072,3,전자 장비 및 기기
GS글로벌,-1.1198709918736771,-0.275085377251017,0,무역
한미글로벌,0.3150479431113084,0.2412876831403146,1,건설
에이플러스에셋,0.4971623366895669,0.2250989375558359,1,보험
토니모리,0.5303447868451532,-0.2369890367474734,1,개인생활용품
퍼스텍,0.5483086574691038,-0.0166025504153927,1,상업서비스
알루코,0.259498031299433,-0.5314844426215757,2,금속 및 광물
한솔테크닉스,0.5478037531252262,0.0680124661357374,1,전자 장비 및 기기
경방,0.3886912256621427,-0.3020451580172811,1,섬유 및 의복
NH올원리츠,0.3592377621186348,-0.2827050504830937,1,부동산
금호석유화학우,0.5376241672360209,-0.0841558413290091,1,기타
해태제과식품,0.4427981907603442,-0.3742143579924398,1,식료품
미창석유,0.5511790116101061,-0.1104554470478146,1,화학
이월드,-0.7146774816697721,0.0724530328636332,0,섬유 및 의복
한국공항,-0.0569274120306734,0.587485423352987,3,항공운수
진양홀딩스,0.3881573882154362,0.1967766351430481,1,화학
금강공업,0.505486558348045,0.1498248692751158,1,건축자재
CJ제일제당 우,0.5429945434329184,-0.1733890671211221,1,기타
LG헬로비전,0.2921592699665641,-0.1638206661296384,1,미디어
경농,0.468113390926944,-0.076046337067951,1,화학
콘텐트리중앙,0.3682318201274719,-0.1791207014010814,1,미디어
S-Oil우,0.22671258952327,0.4951447118712885,3,기타
진원생명과학,-0.0775048764082749,-0.3092803764508046,2,바이오
롯데하이마트,0.4421601125223778,-0.1653120959366084,1,도소매
대창단조,0.5138434061502437,0.2294011818834978,1,기계
한국석유,-0.0429399385405337,0.2773677313513115,3,화학
코오롱글로벌,0.1819176378312924,-0.1324644816388679,1,건설
일진다이아,0.4843150113706924,-0.078405660729057,1,금속 및 광물
동화약품,-0.0904475203088615,-0.1806062491391476,2,제약
한세예스24홀딩스,0.1095658080909826,0.2470653914524147,1,섬유 및 의복
신원,0.2053218607331379,-0.2062656274104883,1,섬유 및 의복
대교,-1.272967329523391,-0.0561116238330062,0,교육
한국주철관,0.5061452481416151,-0.1727161240712066,1,금속 및 광물
계룡건설,0.479381104393875,-0.2698462305649294,1,건설
DH오토넥스,0.557729200224008,-0.0568556158153099,1,자동차부품
노루페인트,0.3960150213828474,-0.0115582565126058,1,건축자재
KBI동양철관,0.5070459491243282,-0.3001345401531271,1,금속 및 광물
현대비앤지스틸,0.0326529854357758,-0.5666198547556497,2,금속 및 광물
한독,-0.7184947685207053,0.2494599217435533,0,제약
모나용평,0.406794956839872,-0.4889978034850884,1,호텔 및 레저
한국화장품,0.5345043902963664,0.1627396463271129,1,개인생활용품
삼양통상,0.185933218657753,0.2837677878604834,1,섬유 및 의복
이구산업,0.4778090077500249,-0.117918055341678,1,금속 및 광물
그린케미칼,0.2921317080117806,-0.4000189437896395,1,화학
조일알미늄,-0.1133151957661885,-0.7601285686974832,2,금속 및 광물
웅진씽크빅,0.1011013001617089,-0.4638452161162904,2,교육
무림P&P,-1.0484702287013403,-0.4611949959411808,0,종이 및 목재
사조동아원,0.5311991454976754,-0.1012686008409943,1,식료품
대한화섬,0.4004662410651564,-0.2971196611758133,1,화학
유화증권,0.5469580000893088,-0.0343717099227561,1,증권
미원홀딩스,-1.275983188884657,-0.1044006244645444,0,화학
삼화페인트,0.1102487866282814,-0.4542746325795163,2,건축자재
만호제강,-0.1420146722784009,0.7839742079473456,3,금속 및 광물
신세계푸드,0.3803794840764915,0.2759937630646499,1,식료품
KCTC,0.4431862926688141,0.1947145561668733,1,육상운수
강남제비스코,-1.157636687616436,0.1722130312834294,0,건축자재
대호에이엘,0.5331943886439363,-0.1311813399437837,1,금속 및 광물
일동홀딩스,0.0815152174734133,0.7494062380780419,3,제약
유수홀딩스,0.5136392728290242,-0.2127947041884833,1,해상운수
태경산업,0.3727108636722379,0.0059443196364736,1,복합 산업
효성ITX,0.3960887922753889,0.1243241981043567,1,상업서비스
미래에셋증권우,0.5572573723241434,0.120531310967857,1,기타
효성화학,0.0120222337085363,-0.1312749214858156,2,화학
텔코웨어,0.5129972131523766,0.2018504497742137,1,일반 소프트웨어
신라교역,-0.3550250570712202,-0.0140168348091384,2,식료품
이지스레지던스리츠,0.4846203981321648,-0.3683200653763178,1,부동산
HS애드,0.5735213052875847,0.0319614932168221,1,미디어
디와이파워,0.5249230888033374,-0.1555343205576229,1,기계
자이에스앤디,0.461364161251301,-0.2122660133098012,1,건설
샘표,0.562822044068793,0.0056818732910515,1,식료품
NPC,-0.6808744810876506,-0.1691183420943056,0,용기 및 포장
디씨엠,0.3974112205631023,-0.3830136695903572,1,금속 및 광물
KEC,-0.803833236022321,0.0913451578210891,0,반도체 및 관련장비
경보제약,-1.3027708017815287,0.4039110045142222,0,제약
한국제지,-1.2803330905063497,-0.0324276272416804,0,종이 및 목재
한진중공업홀딩스,0.5033047596621487,-0.0857742802056353,1,가스
금호건설,0.5031214828831994,0.1726519659345879,1,건설
KH 필룩스,-0.4189561142553805,0.0126353348781912,2,전자 장비 및 기기
대성홀딩스,0.4687511024996761,-0.1016214296740622,1,가스
태경비케이,0.3149828050187895,0.0384517537445437,1,화학
키다리스튜디오,0.408461552911527,0.0803237643455103,1,미디어
남선알미늄,-1.4029565704068845,-0.081839615176785,0,금속 및 광물
사조씨푸드,0.5598389903546483,0.029417923873263,1,식료품
세아특수강,0.5233898473807959,0.2385297451085503,1,금속 및 광물
샘표식품,0.5009098170569823,-0.0830261832095385,1,식료품
유니퀘스트,-1.2058771128864345,0.4419892443745756,0,반도체 및 관련장비
코스맥스비티아이,0.5356129695430856,-0.0995582565201368,1,식료품
삼성제약,-0.2194897449630569,-0.2593981770733498,2,제약
동방,0.5072446859981776,0.010549708914242,1,운송인프라
신영와코루,0.5582427505483707,0.032138362234704,1,섬유 및 의복
일신석재,-0.8979612512821034,-0.4660870412156265,0,건축소재
티와이홀딩스,-0.117574590395118,0.0916780836172546,3,호텔 및 레저
HDC현대EP,0.5573427106171913,-0.0201253536292025,1,자동차부품
한솔홀딩스,0.5478682583009906,0.0286735386439775,1,복합 산업
동부건설,0.4958424170100828,0.1974024114760816,1,건설
신흥,-0.7255549072724412,-0.8729805000410799,2,의료 장비 및 서비스
아주스틸,-0.8373680937045775,-0.7092726765490294,2,금속 및 광물
유한양행우,-0.8280852136535168,0.3331265630305507,0,기타
제일파마홀딩스,0.2804409882375009,-0.0486881579360219,1,제약
경동도시가스,0.5027868659887718,0.1670064699042979,1,가스
현대리바트,-0.6226981523732058,-0.5797923272329121,2,내구소비재
한국수출포장,0.3018555057408433,0.245937532294193,1,용기 및 포장
조선선재,0.2612086016390988,-0.0033010117157921,1,금속 및 광물
아시아나IDT,-0.9048778347230176,0.1407759680798956,0,IT 서비스
DKME,-0.4189561142553805,0.0126353348781912,2,기계
태림포장,-0.1208437200831883,-0.8589474713646914,2,용기 및 포장
KTcs,0.3314240658326891,0.1179501790483246,1,상업서비스
유니켐,-0.2477724840693825,-0.3758047533818433,2,섬유 및 의복
경동인베스트,-0.8225300632229573,-0.4385502113588178,0,금속 및 광물
삼성출판사,0.067123653741899,-0.4315575557897225,2,미디어
HS화성,0.3578001705865741,0.0455429226177531,1,건설
금호에이치티,-0.9482518187817488,-0.3115715862179172,0,자동차부품
AK홀딩스,0.3884687343623962,-0.4539279979494669,1,화학
세원정공,0.5503574126572919,0.0445560649207762,1,자동차부품
인바이오젠,0.0623276784227869,0.3316195179280901,3,전자 장비 및 기기
경인양행,0.4265682992412803,-0.4403789866015785,1,화학
종근당바이오,-0.0192669001582838,-0.2239653747834922,2,제약
삼성공조,0.4533716838655008,-0.3066118621914696,1,자동차부품
극동유화,-1.0823500657424845,-0.2649749618674922,0,석유 및 가스
현대약품,-0.1515934457659837,0.55290444224377,3,제약
에이프로젠바이오로직스,-0.5908716841377935,-0.6855431293605484,2,제약
인천도시가스,0.4953855155214803,0.2347615316356848,1,가스
벽산,0.2813422086821853,-0.6689800927809761,2,건축자재
크라운제과,0.549946594061897,-0.021449173093884,1,식료품
와이투솔루션,0.5439971444480394,-0.124871872201566,1,전자 장비 및 기기
한국무브넥스,0.3643894398919265,-0.3618898280573794,1,자동차부품
수산세보틱스,-0.9916453035020154,-0.1875604961354487,0,기계
페이퍼코리아,-1.361065568683811,0.0613834037754068,0,종이 및 목재
대창,0.2277580811620882,-0.4832029896419385,2,금속 및 광물
대영포장,0.0866574188994068,-0.5781552153476739,2,용기 및 포장
한일철강,0.4929699466771099,0.3742499278043535,1,금속 및 광물
디와이,0.455440025266227,-0.0706785581339948,1,기계
우신시스템,0.3603489438935387,-0.2101530980074452,1,자동차부품
현대코퍼레이션홀딩스,0.5151188694177553,-0.0928784599213451,1,식료품
티에이치엔,0.228571941322801,0.6857017226340618,3,자동차부품
HLB글로벌,-1.3977194129081962,-0.0653105349752202,0,도소매
STX,-1.367848450409507,0.2559732242983593,0,무역
삼익악기,0.3432739156305155,-0.3719951952581788,1,레저용품
휴니드,0.2706604661656029,-0.4789187370189672,2,상업서비스
SK우,0.5459567546861706,0.1553091076064826,1,기타
두올,0.4320375055692526,0.2912667123421376,1,자동차부품
화승코퍼레이션,0.5551588103959102,-0.0188274574926888,1,자동차부품
동남합성,0.0316604123715212,-0.6747612178017046,2,화학
미래에셋글로벌리츠,0.5383536648070228,-0.065480577203033,1,부동산
광전자,0.4835476476185436,-0.1747971334348108,1,전자 장비 및 기기
엔케이,0.2286125398751878,0.6324012446329985,3,조선
화천기계,0.5477268846452044,-0.1717970321380292,1,기계
황금에스티,0.5416453866023476,-0.0683947650369574,1,금속 및 광물
제이준코스메틱,0.54267542664356,0.1276054705595319,1,개인생활용품
KC코트렐,0.5026420015511799,0.0072860692048462,1,상업서비스
두산퓨얼셀1우,0.4129265184284786,0.5070129546630257,1,기타
크라운해태홀딩스,0.4685587095353077,-0.0634620358970153,1,식료품
한신기계,0.446024786316098,-0.1565779895233496,1,기계
한신공영,0.5041731806002558,-0.0614871457474154,1,건설
성창기업지주,0.4497446654645862,0.0362023242867907,1,종이 및 목재
HL D&I,0.4857897834866342,-0.2449890805114371,1,건설
삼원강재,0.3612049328957719,-0.2310243793391298,1,자동차부품
CJ씨푸드,-0.5946243389904816,-0.8527133789848507,2,식료품
DRB동일,0.4785939092771308,-0.0942264157261674,1,화학
인지컨트롤스,0.4463609622037404,-0.2122872081330185,1,자동차부품
세이브존I&C,0.5369246489924482,-0.1880764802384026,1,백화점
아남전자,-0.2826080147539844,-0.6365894630337591,2,내구소비재
신일전자,-0.5416238623782829,-0.8762598364641232,2,내구소비재
영보화학,0.4656644770932259,-0.321791003307457,1,화학
동일고무벨트,-0.1413095074701999,-0.6359546453576546,2,화학
KTis,0.3696436152283323,-0.110474629856725,1,상업서비스
NI스틸,0.2593886738715159,-0.1480678873226098,1,건축자재
SK이노베이션우,-0.3241706980272963,0.4030134443944461,3,기타
진흥기업,-1.3473924408303988,-0.1027396474399654,0,건설
동일산업,0.2846578460988341,-0.5715988097121721,2,금속 및 광물
휴비스,0.4453168421355362,-0.2391338269037147,1,섬유 및 의복
TP,0.296483207743455,0.5108953333340265,3,섬유 및 의복
태경케미컬,-1.1244679679206666,-0.6646713557753956,0,화학
한국특강,-0.4024454932496617,-0.0382510860723216,2,금속 및 광물
제일연마,0.1791387209202878,0.0806802793166206,1,금속 및 광물
국제약품,-1.3530344766105118,0.0152001798781198,0,제약
인스코비,-1.2143942642566528,-0.4957875127936291,0,무선통신
팜스코,0.3818132354123054,0.0287034535990982,1,식료품
부국증권우,0.5297947369734057,0.1720140227592833,1,기타
CS홀딩스,0.4397400768155267,-0.1743959537047132,1,금속 및 광물
조흥,-1.3700254148174655,0.013547362434101,0,식료품
진양산업,-1.3231932579185466,0.3239906974214435,0,화학
태양금속,-0.6847658399321059,-0.6460457835259333,2,자동차부품
사조오양,0.4973216705614013,-0.0095961551542614,1,식료품
대림바스,0.5513917559416623,0.0175937017231538,1,건축자재
삼호개발,0.5081700910639719,-0.0884775576557903,1,건설
GS우,0.5533500183683928,0.0653489664840289,1,기타
NH프라임리츠,0.5639499076474017,-0.059528138654136,1,부동산
한국내화,0.1003710925185117,-0.6192581260249578,2,금속 및 광물
무림페이퍼,0.31607829938144,-0.5155341947350857,2,종이 및 목재
동방아그로,0.0464101964984821,-0.1149832284144821,2,화학
동인기연,-1.3684971478076229,0.0283309598716884,0,섬유 및 의복
부산산업,0.2404200863146777,-0.4228697494274966,2,건축소재
모나리자,-1.3587205663920412,-0.2929232055226832,0,가정생활용품
삼부토건,-1.3787633005074844,0.2174195775709748,0,건설
신송홀딩스,0.3962405302051349,-0.4790501759956082,1,식료품
SG글로벌,-1.394991348733411,0.1431558325670789,0,자동차부품
아모레퍼시픽홀딩스우,0.51890407769913,-0.0247424921032514,1,기타
대현,-1.4054573430006672,-0.0085272804199839,0,섬유 및 의복
덕성,-1.2897990608868124,-0.3332133021974126,0,섬유 및 의복
IHQ,-0.4189561142553805,0.0126353348781912,2,미디어
테이팩스,0.5060878566255722,0.0180399207399536,1,전자 장비 및 기기
한솔로지스틱스,0.5404531342005641,0.0305514433001516,1,육상운수
삼정펄프,0.4943587034293022,0.0283526303882475,1,가정생활용품
인터지스,0.2879086921837314,-0.2427056905809742,1,해상운수
팜젠사이언스,-0.3157178195928343,-0.1119674150843679,2,제약
하이스틸,0.5157003886645493,-0.2438610481815036,1,금속 및 광물
상상인증권,0.5097328457701475,0.1150594012448633,1,증권
호전실업,-0.0623311628810616,-0.3970774071222873,2,섬유 및 의복
지엠비코리아,0.4768577924681927,-0.2134001093952967,1,자동차부품
깨끗한나라,-1.2739732585880792,-0.3246195201588703,0,종이 및 목재
한컴라이프케어,-1.2382576676793462,-0.3863200825846556,0,의료 장비 및 서비스
남광토건,-0.0299910146795491,-0.4695260089994588,2,건설
유유제약,-1.1902311386520952,-0.3568404957000831,0,제약
일성건설,-1.4009990219100934,-0.0647079355160672,0,건설
인디에프,0.0982133231885848,-0.0314955680104847,1,섬유 및 의복
화천기공,0.5363319960579385,-0.0813286294262725,1,기계
아이티센씨티에스,0.4181843433294418,-0.4693181384462923,1,IT 서비스
디와이덕양,-1.379518301752546,-0.1674341438524845,0,자동차부품
남양유업우,-0.4239453791218128,-0.6360429717850615,2,기타
화인베스틸,0.3349126347373038,0.5048061085815626,1,금속 및 광물
SG세계물산,-0.1001729497620915,-0.4468452283411653,2,섬유 및 의복
기신정기,0.0159694807930885,-0.1995172139179263,2,기계
혜인,0.3323949018132417,0.0419764238375511,1,기계
코오롱인더우,0.5445856391721946,0.1008125628017768,1,기타
비상교육,0.5030739382508276,-0.2719543543792781,1,교육
유니온,-0.7939943429564038,-0.4934535760722264,2,건축소재
오리엔트바이오,-1.369000932398032,-0.1853124966990569,0,바이오
미래에셋맵스리츠,0.5610955010196439,-0.0596438217427035,1,부동산
대구백화점,0.243744153994534,-0.4818217808884266,2,백화점
삼화왕관,0.4064836789011165,-0.2818709396773207,1,용기 및 포장
유엔젤,-0.9453606616763884,0.0408827022309608,0,IT 서비스
까뮤이앤씨,-1.367008558497864,0.0416292865195802,0,건설
조광페인트,-1.1003451736249412,-0.3038564865370872,0,건축자재
DL이앤씨2우(전환),0.5383666070354771,-0.2221912694993408,1,기타
고려산업,0.0692614832160413,-0.7453847309668241,2,식료품
DSR,-1.1803939335349842,-0.0221835615618741,0,금속 및 광물
SK케미칼우,0.5142448679226692,0.1456923591551901,1,기타
보락,-1.2681309195625312,-0.1438168209716252,0,식료품
성안머티리얼스,-1.361040433668321,-0.1455508905371122,0,섬유 및 의복
동원금속,-1.387592718276072,0.18494516886266,0,자동차부품
대양금속,-0.1510852707628395,-0.3868129779423646,2,금속 및 광물
다스코,-0.1018436085458125,-0.5795754253368538,2,건축자재
화승알앤에이,0.3012216965850351,-0.1129352718619152,1,자동차부품
유니온머티리얼,-1.3622465593933455,-0.0447089727702833,0,자동차부품
인팩,0.4711923232527168,0.1002394225030411,1,자동차부품
보해양조,-1.12888750543358,-0.2885677385805293,0,음료
새론오토모티브,-0.8487326210338014,-0.4085887860369161,0,자동차부품
전방,0.5456060546319756,0.0175089105890525,1,섬유 및 의복
서울식품,0.2699498566665527,-0.1807214195894693,1,식료품
미래산업,-1.222354993327611,0.418172974822726,0,반도체 및 관련장비
SB성보,0.5099850282451219,0.2111575372788534,1,화학
조비,0.3572183236212959,-0.2866961617437414,1,화학
명문제약,-1.229142409310188,0.3970388641927972,0,제약
씨아이테크,0.1384553547883744,-0.2036438154425881,1,IT 서비스
광명전기,-0.8669519719984726,-0.2096077557124754,0,전기장비
현대건설우,0.4947954794061602,-0.2879420119852002,1,기타
SJM,0.5583596345946811,0.099271675695419,1,자동차부품
SJM홀딩스,0.4301739366638658,0.215707413430804,1,자동차부품
상신브레이크,-1.0128944674697944,-0.6549873441571293,0,자동차부품
신풍제약우,0.2809265906209715,0.2283382565865998,1,기타
써니전자,-1.3184721101164798,-0.1530386153415598,0,전자 장비 및 기기
진양화학,-1.2409189803564544,0.1942516166420191,0,화학
한화솔루션우,0.5086938919369162,-0.2792377047310486,1,기타
영흥,0.4973035619354201,0.0515775194542207,1,금속 및 광물
평화홀딩스,0.3420607136605516,-0.531771968945387,2,자동차부품
삼화전자,0.2533138480709917,-0.570630349075663,2,전기장비
갤럭시아에스엠,0.3184266967423924,-0.4997114674888169,2,레저용품
금비,-1.2417869248664133,0.2912209686387911,0,용기 및 포장
선도전기,-0.4189561142553805,0.0126353348781912,2,전기장비
삼일씨엔에스,0.5209939498714231,-0.2021756345659796,1,건축소재
케이비아이동국실업,-0.3202761179149542,-0.6790258563937491,2,자동차부품
범양건영,-1.3065850446751952,0.1507773280478478,0,건설
롯데칠성우,0.4443464209163411,-0.0710332101225936,1,기타
유성기업,0.4343738012991167,-0.1054702580606552,1,자동차부품
메타케어,0.4365499648920752,-0.3258282121468082,1,제약
SK디스커버리우,0.5238714515904197,-0.0890283643470826,1,기타
DSR제강,-1.030001752569864,0.2656268918825605,0,금속 및 광물
한솔홈데코,-0.0324744211061948,-0.5840375586037653,2,종이 및 목재
BYC우,0.5104644980699637,0.1533753702137973,1,기타
평화산업,0.1939910681845105,-0.6101665703127283,2,자동차부품
티웨이홀딩스,-1.1442870738492492,-0.4299546835058798,0,건축자재
형지엘리트,-0.9978363557730304,-0.4970920596337395,0,섬유 및 의복
블루산업개발,-1.3019448425413271,0.1170611917236452,0,종이 및 목재
우성,0.4885846947382983,-0.1088499069777186,1,식료품
한국종합기술,-1.361241622356137,-0.1035873665090061,0,건설
에쓰씨엔지니어링,-1.3091255012729168,0.0589154149377328,0,건설
이건산업,-0.4924882000614804,-0.7534872080050325,2,종이 및 목재
웰바이오텍,-0.4189561142553805,0.0126353348781912,2,해상운수
마니커,0.0278999019516178,-0.6975541858747601,2,식료품
유안타증권우,0.5551117335563409,0.0320689640860149,1,기타
대유에이텍,-0.7791890561853925,0.6148137714775743,3,자동차부품
서원,0.0334317280424575,-0.7281434827940783,2,금속 및 광물
마스턴프리미어리츠,0.4497260364647344,0.3917690382986368,1,부동산
코아스,-0.8741701447670684,-0.7284163214675666,2,내구소비재
유화증권우,0.5560314837053084,-0.021533889470606,1,기타
DL이앤씨우,0.5177786478628377,-0.0974466018539971,1,기타
일진디스플,0.0455923514015877,0.3627059631102036,3,디스플레이 및 관련부품
케이탑리츠,-1.1940197609596217,0.3185337066411286,0,부동산
아진전자부품,-0.3033760503480341,-0.2198093885674731,2,자동차부품
동양고속,0.2725225533826406,0.2483913492969523,1,육상운수
DYP,-1.253807106567444,-0.4633020197792965,0,자동차부품
영화금속,-0.9877816725684976,0.6108985281157115,0,자동차부품
진양폴리,-1.369385998692691,0.2412044121883469,0,화학
시디즈,0.3476358682618747,-0.5669789787327116,2,내구소비재
주성코퍼레이션,-1.3777394959900982,0.1785187976799309,0,해상운수
DL우,0.4495190209878174,0.1758563077557986,1,기타
SH에너지화학,-1.3706991388524967,-0.076435723720877,0,화학
씨티알모빌리티,-1.2512916173550046,-0.3255431474363828,0,자동차부품
문배철강,-0.4938562058801937,-0.616419156225736,2,금속 및 광물
한화투자증권우,0.1616816282939003,0.5074878387753875,3,기타
엑시큐어하이트론,-1.3472335482727789,0.2592918366237385,0,보안장비
플레이그램,-1.1642051864557157,0.0004849289096665,0,도소매
부국철강,-0.7317833225389945,-0.6486172830955483,2,금속 및 광물
코오롱모빌리티그룹우,-0.3449183651240211,0.8952934140360822,3,기타
KR모터스,-0.1454780980292164,0.5422502386496542,3,자동차
한익스프레스,-0.1472339013905124,-0.5404081661147722,2,육상운수
신풍,-1.1330437675184155,0.1677908323992335,0,종이 및 목재
우진플라임,0.0020308794969172,-0.1221158503558043,2,기계
부산주공,-0.4189561142553805,0.0126353348781912,2,자동차부품
계양전기,-1.375663171480348,0.130483359189865,0,자동차부품
이엔플러스,-1.043335312395933,0.4654616630310075,0,기계
메타랩스,0.1938080020071891,0.1456404813511703,1,상업서비스
모나미,-1.0086872032739895,0.0308383967431084,0,상업서비스
금호전기,-0.4450701184551976,-0.493919750033978,2,디스플레이 및 관련부품
MH에탄올,-1.0829186676830906,-0.0134724519468689,0,음료
한성기업,0.0551954840250616,0.5064309355839857,3,식료품
유니드비티플러스,0.1585780665601088,-0.68889726786015,2,건축자재
대림통상,-0.170437545905257,0.1704080513445975,3,건축자재
솔루스첨단소재1우,-0.7576988316294808,0.4132845025842395,3,기타
대덕전자1우,0.3613479602068133,0.544903174358634,1,기타
세우글로벌,-1.3804415733076298,0.1285840962010326,0,화학
대한방직,0.453666194834016,0.0189923961490273,1,섬유 및 의복
이화산업,0.5129795495397711,0.0070739837805404,1,화학
두산퓨얼셀2우B,0.4623498109595231,0.3163619894430169,1,기타
원림,0.4753246614618321,-0.3016924376703,1,용기 및 포장
국보,-0.4189561142553805,0.0126353348781912,2,육상운수
체시스,-0.664832381391073,-0.4756905440662499,2,자동차부품
세방우,0.4401706581607785,-0.0908556757523598,1,기타
동일제강,0.4987499797837925,0.1431710226343813,1,금속 및 광물
온타이드,0.3966718991940501,-0.1321966607191903,1,섬유 및 의복
경인전자,-0.7046971830160892,0.5293649507317595,3,전자 장비 및 기기
대원화성,-1.3797250326492632,-0.0893213678985875,0,섬유 및 의복
핸즈코퍼레이션,-1.2551903978574646,-0.1877720670568831,0,자동차부품
한국전자홀딩스,-0.3615503723169897,-0.1440740276445252,2,반도체 및 관련장비
한창제지,-1.0917439855198745,-0.6576336006073941,0,종이 및 목재
남성,-1.23552201681595,-0.3667164320383741,0,전자 장비 및 기기
코리아써우,0.4819420845225091,0.2757785555078946,1,기타
다이나믹디자인,-1.3534776003472575,0.216518999349691,0,자동차부품
SUN&L,-1.1973340722236625,-0.4481706528121874,0,종이 및 목재
한세엠케이,-1.2294803654406994,-0.4803110155458659,0,섬유 및 의복
우진아이엔에스,-1.0564773900626458,0.5887806948173311,0,기계
호텔신라우,0.507492402485197,-0.0994543766726404,1,기타
에넥스,-0.4824923700484176,-0.5442520084426956,2,내구소비재
주연테크,0.518988943661856,0.180730039742986,1,컴퓨터 및 주변기기
비비안,-1.2387525003857618,-0.3121055742412277,0,섬유 및 의복
WISCOM,-1.2562384997844005,0.1870003102620374,0,화학
세기상사,0.2523836142399299,-0.0714844436549375,1,석유 및 가스
코오롱우,0.5456754394175938,0.0586119410190323,1,기타
동원수산,0.5276996152160194,0.1532505900745347,1,식료품
TBH글로벌,0.3171851245296155,0.2916399395108886,1,섬유 및 의복
대한항공우,0.1404830070409085,0.2339108705816981,1,기타
한창,-0.4189561142553805,0.0126353348781912,2,부동산
동성제약,-1.3788774241403357,-0.1197996036844243,0,제약
진도,0.529141202900105,-0.171164208426485,1,섬유 및 의복
태원물산,-1.0424067667900427,-0.2912783804913749,0,자동차부품
성문전자,0.375613605240569,-0.3660617404344627,1,전기장비
미래아이앤지,0.1426343047556496,-0.5509852679485535,2,IT 서비스
대교우B,-1.3326503222157924,0.0697744227769071,0,기타
롯데지주우,0.4716117654459246,-0.0633942549885623,1,기타
넥센타이어1우B,0.5182512616550861,0.1704790808905655,1,기타
이스타코,-1.3951699424608663,-0.0206145186974225,0,부동산
대상우,0.5221329353167774,-0.2606453543009658,1,기타
일정실업,0.2695674998171944,0.2910784051662073,1,자동차부품
SHD,0.5496054912724555,-0.0602765046505645,1,금속 및 광물
참엔지니어링,0.5135285150380309,-0.0103932546824396,1,디스플레이 및 관련부품
윌비스,-1.372587509647824,-0.1346816460291045,0,섬유 및 의복
녹십자홀딩스2우,0.1657842530043845,-0.1096145971857313,1,기타
에이엔피,-1.2867640675497756,0.4040131374831606,0,전자 장비 및 기기
한국주강,-0.7799989436517306,0.135784885016008,0,금속 및 광물
아센디오,-1.1684701490625162,-0.3277939711524907,0,미디어
한진칼우,0.4764626776282357,-0.0513641830284122,1,기타
LX하우시스우,-1.331453313944349,0.0294969935869241,0,기타
KC그린홀딩스,-1.352553222440671,0.2201069427066122,0,상업서비스
하이트진로2우B,-0.8492267833623375,0.1911428260977339,0,기타
넥센우,0.5488553113434265,0.0750127756755786,1,기타
대한제당우,-0.0028150636313688,-0.2500916518107888,2,기타
스타에스엠리츠,-1.3408255533457945,0.2928905078373479,0,부동산
솔루스첨단소재2우B,-0.424802175962606,-0.531734761076512,2,기타
에이리츠,-0.4189561142553805,0.0126353348781912,2,부동산
삼양사우,0.4952112748855893,0.1430434318845755,1,기타
NPC우,-1.031136103342343,0.3462277618893111,0,기타
JW중외제약2우B,-0.1118460120047931,-0.3994276697200751,2,기타
LX홀딩스1우,0.5075383816757482,-0.1264866679551435,1,기타
대상홀딩스우,-1.093201103253972,-0.3670609994509103,0,기타
코오롱글로벌우,-1.14069399449913,0.2631029880934981,0,기타
대덕1우,0.5583443015520244,0.0056717231272225,1,기타
태양금속우,-1.1553331172184789,-0.3720332482187951,0,기타
유유제약1우,0.3903987679343692,-0.4665098465381027,1,기타
대원전선우,-1.0934168222196343,0.0523169333544225,0,기타
덕성우,-1.2592024133363515,-0.2171961155110673,0,기타
한양증권우,0.4902244441794803,0.2246703439774042,1,기타
JW중외제약우,-1.2034620110581271,-0.0504202733027801,0,기타
SK증권우,0.4816156296871163,0.126985816525514,1,기타
성신양회우,0.2012621096389898,-0.4717381854481902,2,기타
노루홀딩스우,0.3872961840442452,-0.1597127259284482,1,기타
크라운제과우,-0.2121131895462553,-0.3837938794124023,2,기타
코리아써키트2우B,0.4607445083013047,0.4112586863968948,1,기타
노루페인트우,0.1347991530374037,-0.1876464797292465,1,기타
한화갤러리아우,-0.3461379287466402,-0.7561721253834249,2,기타
하이트진로홀딩스우,0.1940037979930726,0.2087956515330794,1,기타
일양약품우,0.5127871815739888,-0.1487880879524505,1,기타
티와이홀딩스우,0.3094234657193116,0.0402387767895123,1,기타
금강공업우,0.3394864867492829,0.350531402850383,1,기타
흥국화재우,-0.2111173454861693,-0.1674403322385901,2,기타
동원시스템즈우,-1.179902843857655,0.4668040226797667,0,기타
크라운해태홀딩스우,0.2264970896683971,-0.4396638133588436,2,기타
깨끗한나라우,-0.7960486207806889,-0.4475781115473827,0,기타
남선알미우,-1.4040612202207352,0.0618362272934333,0,기타
유유제약2우B,0.5019250743051509,-0.0737046946727899,1,기타
동부건설우,-1.253298456981932,-0.0080424681286057,0,기타
계양전기우,-1.2738506716714937,-0.2939594301405811,0,기타
진흥기업우B,-0.372521550198358,0.4759443840761964,3,기타
금호건설우,-1.2866501048947605,0.0353667608016078,0,기타
태영건설우,0.3162678391986456,-0.3997640387587626,1,기타
CJ씨푸드1우,-1.3103092974376886,0.159671135915558,0,기타
동양우,-0.2308785361123515,0.5210915899173855,3,기타
동양2우B,-0.5106670786739305,0.3067631800435677,3,기타
서울식품우,0.2383660721721199,-0.309533265147155,1,기타
성문전자우,-0.8723802283993329,-0.4755694391350914,0,기타
진흥기업2우B,-1.3384203697756676,-0.0371665945985887,0,기타
